source_parameter_m,x_m,y_m,z_m,yaw_rad,road_width_m
0.00000000,0.00000000,0.00000000,1.22070984,1.46663315,2.40000000
0.34997067,0.03632933,0.34807935,1.22343723,1.46697051,2.40000000
0.69994135,0.07254150,0.69616975,1.22607964,1.46730564,2.40000000
1.04991202,0.10863729,1.04427111,1.22863777,1.46763853,2.40000000
1.39988269,0.14461748,1.39238337,1.23111230,1.46796918,2.40000000
1.74985337,0.18048285,1.74050646,1.23350392,1.46829759,2.40000000
2.09982404,0.21623417,2.08864030,1.23581332,1.46862376,2.40000000
2.44979471,0.25187224,2.43678482,1.23804117,1.46894770,2.40000000
2.79976539,0.28739783,2.78493995,1.24018817,1.46926940,2.40000000
3.14973606,0.32281172,3.13310560,1.24225501,1.46958886,2.40000000
3.49970673,0.35811469,3.48128172,1.24424236,1.46990608,2.40000000
3.84967741,0.39330753,3.82946822,1.24615092,1.47022107,2.40000000
4.19964808,0.42839101,4.17766503,1.24798137,1.47053381,2.40000000
4.54961875,0.46336591,4.52587209,1.24973439,1.47084432,2.40000000
4.89958943,0.49823301,4.87408931,1.25141068,1.47115258,2.40000000
5.24956010,0.53299310,5.22231662,1.25301091,1.47145861,2.40000000
5.59953077,0.56764696,5.57055396,1.25453578,1.47176240,2.40000000
5.94950145,0.60219535,5.91880124,1.25598597,1.47206395,2.40000000
6.29947212,0.63663908,6.26705839,1.25736217,1.47236327,2.40000000
6.64944279,0.67097891,6.61532535,1.25866505,1.47266034,2.40000000
6.99941347,0.70521563,6.96360204,1.25989532,1.47295517,2.40000000
7.34938414,0.73935001,7.31188838,1.26105364,1.47324777,2.40000000
7.69935481,0.77338284,7.66018430,1.26214072,1.47353812,2.40000000
8.04932549,0.80731490,8.00848973,1.26315724,1.47382624,2.40000000
8.39929616,0.84114697,8.35680459,1.26410387,1.47411211,2.40000000
8.74926683,0.87487983,8.70512882,1.26498131,1.47439575,2.40000000
9.09923750,0.90851425,9.05346233,1.26579025,1.47467715,2.40000000
9.44920818,0.94205103,9.40180507,1.26653136,1.47495630,2.40000000
9.79917885,0.97549093,9.75015694,1.26720534,1.47523322,2.40000000
10.14914952,1.00883475,10.09851789,1.26781287,1.47550790,2.40000000
10.49912020,1.04208326,10.44688783,1.26835464,1.47578034,2.40000000
10.84909087,1.07523724,10.79526669,1.26883133,1.47605054,2.40000000
11.19906154,1.10829747,11.14365441,1.26924364,1.47631849,2.40000000
11.54903222,1.14126473,11.49205090,1.26959223,1.47658421,2.40000000
11.89900289,1.17413981,11.84045609,1.26987781,1.47684769,2.40000000
12.24897356,1.20692348,12.18886992,1.27010105,1.47710893,2.40000000
12.59894424,1.23961652,12.53729231,1.27026265,1.47736793,2.40000000
12.94891491,1.27221972,12.88572317,1.27036329,1.47762469,2.40000000
13.29888558,1.30473386,13.23416246,1.27040405,1.47787921,2.40000000
13.64885626,1.33715971,13.58261007,1.27038681,1.47813148,2.40000000
13.99882693,1.36949805,13.93106596,1.27031355,1.47838152,2.40000000
14.34879760,1.40174967,14.27953003,1.27018625,1.47862932,2.40000000
14.69876828,1.43391535,14.62800223,1.27000689,1.47887488,2.40000000
15.04873895,1.46599586,14.97648247,1.26977744,1.47911820,2.40000000
15.39870962,1.49799199,15.32497069,1.26949987,1.47935927,2.40000000
15.74868030,1.52990452,15.67346680,1.26917618,1.47959811,2.40000000
16.09865097,1.56173423,16.02197074,1.26880832,1.47983471,2.40000000
16.44862164,1.59348190,16.37048243,1.26839828,1.48006906,2.40000000
16.79859232,1.62514831,16.71900181,1.26794805,1.48030118,2.40000000
17.14856299,1.65673423,17.06752879,1.26745958,1.48053106,2.40000000
17.49853366,1.68824046,17.41606330,1.26693487,1.48075869,2.40000000
17.84850434,1.71966777,17.76460528,1.26637589,1.48098409,2.40000000
18.19847501,1.75101694,18.11315464,1.26578461,1.48120724,2.40000000
18.54844568,1.78228875,18.46171132,1.26516301,1.48142816,2.40000000
18.89841636,1.81348398,18.81027524,1.26451308,1.48164683,2.40000000
19.24838703,1.84460342,19.15884632,1.26383678,1.48186326,2.40000000
19.59835770,1.87564784,19.50742451,1.26313610,1.48207746,2.40000000
19.94832838,1.90661802,19.85600971,1.26241300,1.48228941,2.40000000
20.29829905,1.93751474,20.20460186,1.26166948,1.48249912,2.40000000
20.64826972,1.96833879,20.55320089,1.26090750,1.48270659,2.40000000
20.99824040,1.99909095,20.90180672,1.26012905,1.48291183,2.40000000
21.34821107,2.02977199,21.25041929,1.25933609,1.48311482,2.40000000
21.69818174,2.06038270,21.59903850,1.25853061,1.48331557,2.40000000
22.04815242,2.09092385,21.94766430,1.25771459,1.48351408,2.40000000
22.39812309,2.12139623,22.29629661,1.25688999,1.48371035,2.40000000
22.74809376,2.15180062,22.64493536,1.25605881,1.48390438,2.40000000
23.09806444,2.18213779,22.99358047,1.25522301,1.48409617,2.40000000
23.44803511,2.21240854,23.34223188,1.25438457,1.48428572,2.40000000
23.79800578,2.24261363,23.69088950,1.25354547,1.48447302,2.40000000
24.14797646,2.27275385,24.03955326,1.25270769,1.48465809,2.40000000
24.49794713,2.30282998,24.38822310,1.25187321,1.48484092,2.40000000
24.84791780,2.33284280,24.73689893,1.25104399,1.48502151,2.40000000
25.19788848,2.36279309,25.08558069,1.25022202,1.48519985,2.40000000
25.54785915,2.39268163,25.43426830,1.24940928,1.48537596,2.40000000
25.89782982,2.42250920,25.78296169,1.24860772,1.48554983,2.40000000
26.24780050,2.45227659,26.13166079,1.24781865,1.48572145,2.40000000
26.59777117,2.48198457,26.48036551,1.24704268,1.48589084,2.40000000
26.94774184,2.51163392,26.82907580,1.24628039,1.48605798,2.40000000
27.29771251,2.54122542,27.17779158,1.24553236,1.48622289,2.40000000
27.64768319,2.57075986,27.52651276,1.24479917,1.48638555,2.40000000
27.99765386,2.60023801,27.87523929,1.24408139,1.48654598,2.40000000
28.34762453,2.62966065,28.22397108,1.24337960,1.48670416,2.40000000
28.69759521,2.65902857,28.57270807,1.24269438,1.48686011,2.40000000
29.04756588,2.68834255,28.92145018,1.24202630,1.48701381,2.40000000
29.39753655,2.71760336,29.27019734,1.24137594,1.48716527,2.40000000
29.74750723,2.74681179,29.61894947,1.24074389,1.48731449,2.40000000
30.09747790,2.77596862,29.96770650,1.24013071,1.48746148,2.40000000
30.44744857,2.80507462,30.31646836,1.23953698,1.48760622,2.40000000
30.79741925,2.83413058,30.66523497,1.23896329,1.48774872,2.40000000
31.14738992,2.86313728,31.01400627,1.23841021,1.48788898,2.40000000
31.49736059,2.89209550,31.36278217,1.23787831,1.48802701,2.40000000
31.84733127,2.92100601,31.71156261,1.23736817,1.48816279,2.40000000
32.19730194,2.94986961,32.06034752,1.23688038,1.48829633,2.40000000
32.54727261,2.97868707,32.40913681,1.23641550,1.48842763,2.40000000
32.89724329,3.00745916,32.75793042,1.23597412,1.48855669,2.40000000
33.24721396,3.03618668,33.10672827,1.23555681,1.48868352,2.40000000
33.59718463,3.06487040,33.45553029,1.23516416,1.48880810,2.40000000
33.94715531,3.09351110,33.80433641,1.23479673,1.48893044,2.40000000
34.29712598,3.12210957,34.15314655,1.23445510,1.48905054,2.40000000
34.64709665,3.15066657,34.50196065,1.23413986,1.48916840,2.40000000
34.99706733,3.17918290,34.85077862,1.23385157,1.48928402,2.40000000
35.34703800,3.20765934,35.19960039,1.23359082,1.48939741,2.40000000
35.69700867,3.23609666,35.54842590,1.23335819,1.48950855,2.40000000
36.04697935,3.26449564,35.89725506,1.23315425,1.48961745,2.40000000
36.39695002,3.29285707,36.24608781,1.23297957,1.48972411,2.40000000
36.74692069,3.32118172,36.59492407,1.23283475,1.48982853,2.40000000
37.09689137,3.34947038,36.94376377,1.23272034,1.48993071,2.40000000
37.44686204,3.37772383,37.29260683,1.23263694,1.49003066,2.40000000
37.79683271,3.40594284,37.64145319,1.23258511,1.49012836,2.40000000
38.14680339,3.43412820,37.99030277,1.23256544,1.49022382,2.40000000
38.49677406,3.46228069,38.33915549,1.23257850,1.49031704,2.40000000
38.84674473,3.49040109,38.68801128,1.23262479,1.49040803,2.40000000
39.19671541,3.51849018,39.03687008,1.23270402,1.49049677,2.40000000
39.54668608,3.54654873,39.38573180,1.23281541,1.49058327,2.40000000
39.89665675,3.57457754,39.73459638,1.23295820,1.49066754,2.40000000
40.24662743,3.60257737,40.08346373,1.23313160,1.49074956,2.40000000
40.59659810,3.63054902,40.43233380,1.23333485,1.49082935,2.40000000
40.94656877,3.65849326,40.78120649,1.23356716,1.49090689,2.40000000
41.29653945,3.68641087,41.13008175,1.23382776,1.49098219,2.40000000
41.64651012,3.71430263,41.47895950,1.23411588,1.49105526,2.40000000
41.99648079,3.74216932,41.82783966,1.23443074,1.49112608,2.40000000
42.34645147,3.77001173,42.17672216,1.23477158,1.49119467,2.40000000
42.69642214,3.79783063,42.52560693,1.23513760,1.49126102,2.40000000
43.04639281,3.82562680,42.87449390,1.23552805,1.49132512,2.40000000
43.39636349,3.85340103,43.22338299,1.23594213,1.49138699,2.40000000
43.74633416,3.88115409,43.57227413,1.23637909,1.49144662,2.40000000
44.09630483,3.90888677,43.92116724,1.23683814,1.49150400,2.40000000
44.44627551,3.93659985,44.27006226,1.23731852,1.49155915,2.40000000
44.79624618,3.96429410,44.61895911,1.23781943,1.49161206,2.40000000
45.14621685,3.99197030,44.96785771,1.23834012,1.49166273,2.40000000
45.49618752,4.01962925,45.31675800,1.23887981,1.49171116,2.40000000
45.84615820,4.04727171,45.66565990,1.23943771,1.49175735,2.40000000
46.19612887,4.07489847,46.01456333,1.24001306,1.49180130,2.40000000
46.54609954,4.10251031,46.36346823,1.24060509,1.49184301,2.40000000
46.89607022,4.13010801,46.71237452,1.24121301,1.49188248,2.40000000
47.24604089,4.15769234,47.06128213,1.24183605,1.49191971,2.40000000
47.59601156,4.18526410,47.41019098,1.24247344,1.49195470,2.40000000
47.94598224,4.21282406,47.75910101,1.24312440,1.49198746,2.40000000
48.29595291,4.24037300,48.10801213,1.24378816,1.49201797,2.40000000
48.64592358,4.26791170,48.45692428,1.24446394,1.49204624,2.40000000
48.99589426,4.29544094,48.80583738,1.24515098,1.49207228,2.40000000
49.34586493,4.32296150,49.15475136,1.24584848,1.49209607,2.40000000
49.69583560,4.35047417,49.50366614,1.24655569,1.49211763,2.40000000
50.04580628,4.37797972,49.85258166,1.24727182,1.49213694,2.40000000
50.39577695,4.40547893,50.20149784,1.24799610,1.49215402,2.40000000
50.74574762,4.43297259,50.55041460,1.24872775,1.49216886,2.40000000
51.09571830,4.46046147,50.89933188,1.24946601,1.49218146,2.40000000
51.44568897,4.48794635,51.24824960,1.25021009,1.49219181,2.40000000
51.79565964,4.51542802,51.59716769,1.25095923,1.49219993,2.40000000
52.14563032,4.54290726,51.94608606,1.25171270,1.49220581,2.40000000
52.49560099,4.57038485,52.29500466,1.25246978,1.49220945,2.40000000
52.84557166,4.59786156,52.64392341,1.25322975,1.49221085,2.40000000
53.19554234,4.62533817,52.99284224,1.25399190,1.49221001,2.40000000
53.54551301,4.65281548,53.34176106,1.25475550,1.49220694,2.40000000
53.89548368,4.68029425,53.69067981,1.25551984,1.49220162,2.40000000
54.24545436,4.70777528,54.03959842,1.25628421,1.49219406,2.40000000
54.59542503,4.73525933,54.38851681,1.25704787,1.49218427,2.40000000
54.94539570,4.76274719,54.73743491,1.25781012,1.49217223,2.40000000
55.29536638,4.79023964,55.08635264,1.25857024,1.49215795,2.40000000
55.64533705,4.81773746,55.43526994,1.25932750,1.49214144,2.40000000
55.99530772,4.84524143,55.78418673,1.26008120,1.49212269,2.40000000
56.34527840,4.87275234,56.13310293,1.26083060,1.49210169,2.40000000
56.69524907,4.90027095,56.48201848,1.26157500,1.49207846,2.40000000
57.04521974,4.92779806,56.83093330,1.26231368,1.49205299,2.40000000
57.39519042,4.95533444,57.17984731,1.26304591,1.49202527,2.40000000
57.74516109,4.98288088,57.52876045,1.26377098,1.49199532,2.40000000
58.09513176,5.01043815,57.87767264,1.26448818,1.49196313,2.40000000
58.44510244,5.03800703,58.22658381,1.26519678,1.49192870,2.40000000
58.79507311,5.06558830,58.57549388,1.26589606,1.49189203,2.40000000
59.14504378,5.09318276,58.92440278,1.26658531,1.49185312,2.40000000
59.49501446,5.12079116,59.27331044,1.26726381,1.49181198,2.40000000
59.84498513,5.14841431,59.62221679,1.26793084,1.49176859,2.40000000
60.19495580,5.17605297,59.97112175,1.26858569,1.49172296,2.40000000
60.54492648,5.20370792,60.32002524,1.26922763,1.49167509,2.40000000
60.89489715,5.23137996,60.66892721,1.26985594,1.49162499,2.40000000
61.24486782,5.25906985,61.01782756,1.27046992,1.49157264,2.40000000
61.59483850,5.28677838,61.36672624,1.27106884,1.49151806,2.40000000
61.94480917,5.31450633,61.71562316,1.27165197,1.49146123,2.40000000
62.29477984,5.34225448,62.06451826,1.27221862,1.49140217,2.40000000
62.64475051,5.37002361,62.41341145,1.27276805,1.49134086,2.40000000
62.99472119,5.39781449,62.76230267,1.27329954,1.49127732,2.40000000
63.34469186,5.42562792,63.11119185,1.27381239,1.49121154,2.40000000
63.69466253,5.45346467,63.46007891,1.27430587,1.49114351,2.40000000
64.04463321,5.48132552,63.80896377,1.27477927,1.49107325,2.40000000
64.39460388,5.50921126,64.15784637,1.27523186,1.49100075,2.40000000
64.74457455,5.53712265,64.50672663,1.27566318,1.49092601,2.40000000
65.09454523,5.56506049,64.85560448,1.27607339,1.49084903,2.40000000
65.44451590,5.59302555,65.20447984,1.27646272,1.49076981,2.40000000
65.79448657,5.62101862,65.55335265,1.27683144,1.49068835,2.40000000
66.14445725,5.64904047,65.90222282,1.27717977,1.49060465,2.40000000
66.49442792,5.67709188,66.25109029,1.27750797,1.49051871,2.40000000
66.84439859,5.70517364,66.59995498,1.27781629,1.49043053,2.40000000
67.19436927,5.73328653,66.94881683,1.27810497,1.49034011,2.40000000
67.54433994,5.76143132,67.29767574,1.27837425,1.49024745,2.40000000
67.89431061,5.78960880,67.64653166,1.27862439,1.49015255,2.40000000
68.24428129,5.81781975,67.99538452,1.27885562,1.49005541,2.40000000
68.59425196,5.84606494,68.34423422,1.27906819,1.48995603,2.40000000
68.94422263,5.87434516,68.69308072,1.27926236,1.48985442,2.40000000
69.29419331,5.90266119,69.04192392,1.27943836,1.48975056,2.40000000
69.64416398,5.93101381,69.39076376,1.27959644,1.48964446,2.40000000
69.99413465,5.95940380,69.73960017,1.27973684,1.48953613,2.40000000
70.34410533,5.98783193,70.08843306,1.27985982,1.48942555,2.40000000
70.69407600,6.01629900,70.43726238,1.27996562,1.48931273,2.40000000
71.04404667,6.04480578,70.78608803,1.28005448,1.48919768,2.40000000
71.39401735,6.07335305,71.13490997,1.28012665,1.48908038,2.40000000
71.74398802,6.10194159,71.48372810,1.28018238,1.48896084,2.40000000
72.09395869,6.13057218,71.83254235,1.28022191,1.48883907,2.40000000
72.44392937,6.15924561,72.18135266,1.28024549,1.48871505,2.40000000
72.79390004,6.18796265,72.53015895,1.28025337,1.48858880,2.40000000
73.14387071,6.21672408,72.87896114,1.28024578,1.48846030,2.40000000
73.49384139,6.24553069,73.22775917,1.28022298,1.48832957,2.40000000
73.84381206,6.27438325,73.57655295,1.28018521,1.48819659,2.40000000
74.19378273,6.30328254,73.92534243,1.28013271,1.48806137,2.40000000
74.54375341,6.33222935,74.27412751,1.28006574,1.48792392,2.40000000
74.89372408,6.36122446,74.62290814,1.27998454,1.48778422,2.40000000
75.24369475,6.39026864,74.97168424,1.27988936,1.48764229,2.40000000
75.59366543,6.41936268,75.32045573,1.27978043,1.48749811,2.40000000
75.94363610,6.44850736,75.66922254,1.27965802,1.48735170,2.40000000
76.29360677,6.47770346,76.01798460,1.27952235,1.48720304,2.40000000
76.64357745,6.50695175,76.36674183,1.27937368,1.48705215,2.40000000
76.99354812,6.53625302,76.71549417,1.27921226,1.48689901,2.40000000
77.34351879,6.56560805,77.06424153,1.27903834,1.48674364,2.40000000
77.69348947,6.59501762,77.41298385,1.27885271,1.48658602,2.40000000
78.04346014,6.62448251,77.76172105,1.27865680,1.48642616,2.40000000
78.39343081,6.65400350,78.11045306,1.27845213,1.48626407,2.40000000
78.74340149,6.68358137,78.45917981,1.27824018,1.48609973,2.40000000
79.09337216,6.71321690,78.80790122,1.27802246,1.48593316,2.40000000
79.44334283,6.74291088,79.15661722,1.27780046,1.48576434,2.40000000
79.79331351,6.77266407,79.50532774,1.27757568,1.48559328,2.40000000
80.14328418,6.80247727,79.85403270,1.27734961,1.48541999,2.40000000
80.49325485,6.83235125,80.20273203,1.27712375,1.48524445,2.40000000
80.84322552,6.86228680,80.55142566,1.27689960,1.48506667,2.40000000
81.19319620,6.89228469,80.90011351,1.27667866,1.48488666,2.40000000
81.54316687,6.92234570,81.24879551,1.27646242,1.48470440,2.40000000
81.89313754,6.95247062,81.59747160,1.27625238,1.48451990,2.40000000
82.24310822,6.98266023,81.94614168,1.27605003,1.48433316,2.40000000
82.59307889,7.01291530,82.29480570,1.27585688,1.48414419,2.40000000
82.94304956,7.04323662,82.64346358,1.27567442,1.48395297,2.40000000
83.29302024,7.07362496,82.99211524,1.27550414,1.48375951,2.40000000
83.64299091,7.10408111,83.34076062,1.27534755,1.48356381,2.40000000
83.99296158,7.13460585,83.68939963,1.27520614,1.48336587,2.40000000
84.34293226,7.16519996,84.03803221,1.27508140,1.48316569,2.40000000
84.69290293,7.19586421,84.38665828,1.27497484,1.48296327,2.40000000
85.04287360,7.22659940,84.73527778,1.27488795,1.48275862,2.40000000
85.39284428,7.25740629,85.08389062,1.27482223,1.48255172,2.40000000
85.74281495,7.28828568,85.43249673,1.27477917,1.48234258,2.40000000
86.09278562,7.31923404,85.78109659,1.27476027,1.48232379,2.40000000
86.44275630,7.34993532,86.12973071,1.27476704,1.48359222,2.40000000
86.79272697,7.38020301,86.47842294,1.27480096,1.48482091,2.40000000
87.14269764,7.41005089,86.82717146,1.27486353,1.48600987,2.40000000
87.49266832,7.43949270,87.17597446,1.27495625,1.48715911,2.40000000
87.84263899,7.46854220,87.52483013,1.27508061,1.48826862,2.40000000
88.19260966,7.49721314,87.87373667,1.27523812,1.48933844,2.40000000
88.54258034,7.52551927,88.22269225,1.27543027,1.49036856,2.40000000
88.89255101,7.55347436,88.57169506,1.27565855,1.49135900,2.40000000
89.24252168,7.58109215,88.92074329,1.27592447,1.49230976,2.40000000
89.59249236,7.60838640,89.26983513,1.27622952,1.49322086,2.40000000
89.94246303,7.63537087,89.61896877,1.27657520,1.49409231,2.40000000
90.29243370,7.66205930,89.96814239,1.27696297,1.49492412,2.40000000
90.64240438,7.68846545,90.31735419,1.27739402,1.49571629,2.40000000
90.99237505,7.71460309,90.66660234,1.27786927,1.49646884,2.40000000
91.34234572,7.74048595,91.01588505,1.27838969,1.49718178,2.40000000
91.69231640,7.76612780,91.36520048,1.27895620,1.49785512,2.40000000
92.04228707,7.79154239,91.71454684,1.27956976,1.49848886,2.40000000
92.39225774,7.81674347,92.06392232,1.28023131,1.49908301,2.40000000
92.74222842,7.84174480,92.41332508,1.28094179,1.49963759,2.40000000
93.09219909,7.86656014,92.76275334,1.28170215,1.50015259,2.40000000
93.44216976,7.89120323,93.11220527,1.28251332,1.50062804,2.40000000
93.79214044,7.91568783,93.46167906,1.28337626,1.50106393,2.40000000
94.14211111,7.94002770,93.81117290,1.28429190,1.50146027,2.40000000
94.49208178,7.96423659,94.16068497,1.28526119,1.50181706,2.40000000
94.84205246,7.98832826,94.51021347,1.28628508,1.50213432,2.40000000
95.19202313,8.01231645,94.85975658,1.28736450,1.50241205,2.40000000
95.54199380,8.03621493,95.20931249,1.28850040,1.50265024,2.40000000
95.89196448,8.06003744,95.55887939,1.28969373,1.50284892,2.40000000
96.24193515,8.08379775,95.90845547,1.29094542,1.50300807,2.40000000
96.59190582,8.10750960,96.25803891,1.29225642,1.50312770,2.40000000
96.94187650,8.13118676,96.60762789,1.29362768,1.50320782,2.40000000
97.29184717,8.15484297,96.95722062,1.29506014,1.50324842,2.40000000
97.64181784,8.17849199,97.30681527,1.29655473,1.50324951,2.40000000
97.99178851,8.20214757,97.65641004,1.29811241,1.50321108,2.40000000
98.34175919,8.22582347,98.00600310,1.29973412,1.50313315,2.40000000
98.69172986,8.24953345,98.35559266,1.30142080,1.50301569,2.40000000
99.04170053,8.27329125,98.70517689,1.30317340,1.50285872,2.40000000
99.39167121,8.29711063,99.05475399,1.30499286,1.50266223,2.40000000
99.74164188,8.32100535,99.40432214,1.30688012,1.50242623,2.40000000
100.09161255,8.34498916,99.75387952,1.30883612,1.50215069,2.40000000
100.44158323,8.36907582,100.10342434,1.31086181,1.50183563,2.40000000
100.79155390,8.39327907,100.45295477,1.31295814,1.50148104,2.40000000
101.14152457,8.41761268,100.80246901,1.31512604,1.50108691,2.40000000
101.49149525,8.44209039,101.15196523,1.31736647,1.50065324,2.40000000
101.84146592,8.46672597,101.50144163,1.31968035,1.50018002,2.40000000
102.19143659,8.49153316,101.85089640,1.32206865,1.49966725,2.40000000
102.54140727,8.51652572,102.20032773,1.32453229,1.49911492,2.40000000
102.89137794,8.54171741,102.54973379,1.32707223,1.49852302,2.40000000
103.24134861,8.56712197,102.89911278,1.32968921,1.49789154,2.40000000
103.59131929,8.59275317,103.24846289,1.33238283,1.49722048,2.40000000
103.94128996,8.61862476,103.59778231,1.33515225,1.49650983,2.40000000
104.29126063,8.64475049,103.94706921,1.33799664,1.49575958,2.40000000
104.64123131,8.67114412,104.29632180,1.34091514,1.49496972,2.40000000
104.99120198,8.69781940,104.64553825,1.34390694,1.49414024,2.40000000
105.34117265,8.72479009,104.99471676,1.34697118,1.49327114,2.40000000
105.69114333,8.75206993,105.34385551,1.35010703,1.49236239,2.40000000
106.04111400,8.77967269,105.69295270,1.35331366,1.49141400,2.40000000
106.39108467,8.80761212,106.04200650,1.35659022,1.49042596,2.40000000
106.74105535,8.83590197,106.39101510,1.35993588,1.48939825,2.40000000
107.09102602,8.86455600,106.73997671,1.36334980,1.48833086,2.40000000
107.44099669,8.89358796,107.08888949,1.36683114,1.48722378,2.40000000
107.79096737,8.92301160,107.43775164,1.37037907,1.48607702,2.40000000
108.14093804,8.95284069,107.78656135,1.37399275,1.48489054,2.40000000
108.49090871,8.98308897,108.13531680,1.37767133,1.48366436,2.40000000
108.84087939,9.01377020,108.48401618,1.38141398,1.48239845,2.40000000
109.19085006,9.04489813,108.83265769,1.38521987,1.48109280,2.40000000
109.54082073,9.07648652,109.18123950,1.38908816,1.47974742,2.40000000
109.89079141,9.10854913,109.52975980,1.39301800,1.47836230,2.40000000
110.24076208,9.14109970,109.87821679,1.39700856,1.47693741,2.40000000
110.59073275,9.17415199,110.22660865,1.40105901,1.47547277,2.40000000
110.94070343,9.20771975,110.57493357,1.40516850,1.47396835,2.40000000
111.29067410,9.24181675,110.92318974,1.40933620,1.47242417,2.40000000
111.64064477,9.27645673,111.27137534,1.41356127,1.47084021,2.40000000
111.99061545,9.31165345,111.61948856,1.41784287,1.46921646,2.40000000
112.34058612,9.34742066,111.96752759,1.42218016,1.46755293,2.40000000
112.69055679,9.38377212,112.31549061,1.42657232,1.46584962,2.40000000
113.04052747,9.42072157,112.66337582,1.43101849,1.46410652,2.40000000
113.39049814,9.45828279,113.01118140,1.43551784,1.46232363,2.40000000
113.74046881,9.49646951,113.35890555,1.44006953,1.46050096,2.40000000
114.09043949,9.53529550,113.70654644,1.44467273,1.45863851,2.40000000
114.44041016,9.57477451,114.05410226,1.44932659,1.45673628,2.40000000
114.79038083,9.61492030,114.40157121,1.45403029,1.45479428,2.40000000
115.14035151,9.65574660,114.74895147,1.45878298,1.45281251,2.40000000
115.49032218,9.69726720,115.09624123,1.46358382,1.45079100,2.40000000
115.84029285,9.73949582,115.44343867,1.46843198,1.44872974,2.40000000
116.19026352,9.78244624,115.79054199,1.47332655,1.44662875,2.40000000
116.54023420,9.82613221,116.13754937,1.47826643,1.44448804,2.40000000
116.89020487,9.87056747,116.48445899,1.48325046,1.44230764,2.40000000
117.24017554,9.91576579,116.83126906,1.48827750,1.44008755,2.40000000
117.59014622,9.96174091,117.17797775,1.49334642,1.43782781,2.40000000
117.94011689,10.00850660,117.52458325,1.49845605,1.43552844,2.40000000
118.29008756,10.05607660,117.87108375,1.50360526,1.43318946,2.40000000
118.64005824,10.10446468,118.21747744,1.50879290,1.43081090,2.40000000
118.99002891,10.15368458,118.56376250,1.51401783,1.42839280,2.40000000
119.33999958,10.20375006,118.90993713,1.51927890,1.42593518,2.40000000
119.68997026,10.25467487,119.25599951,1.52457496,1.42343809,2.40000000
120.03994093,10.30647277,119.60194782,1.52990487,1.42090156,2.40000000
120.38991160,10.35915752,119.94778026,1.53526749,1.41832565,2.40000000
120.73988228,10.41274286,120.29349502,1.54066167,1.41571039,2.40000000
121.08985295,10.46724256,120.63909028,1.54608626,1.41305583,2.40000000
121.43982362,10.52267036,120.98456422,1.55154013,1.41036204,2.40000000
121.78979430,10.57904002,121.32991505,1.55702211,1.40762906,2.40000000
122.13976497,10.63636530,121.67514094,1.56253108,1.40485697,2.40000000
122.48973564,10.68634791,122.02581890,1.56806588,1.44181751,2.39213330
122.83970632,10.73665693,122.37971990,1.57362537,1.40486313,2.36995140
123.18967699,10.81241369,122.72442423,1.57920840,1.29011723,2.33635933
123.53964766,10.93874248,123.04751032,1.58481382,1.09189387,2.29426416
123.88961834,11.13402891,123.33744603,1.59044050,0.87815758,2.24657292
124.23958901,11.38322566,123.58953270,1.59608729,0.70946478,2.19619267
124.58955968,11.67078399,123.80183536,1.60175304,0.56593130,2.14603047
124.93953036,11.98207734,123.97239242,1.60743661,0.43790923,2.09899336
125.28950103,12.31015582,124.09172448,1.61313684,0.25815954,2.05798840
125.63947170,12.65591402,124.15672575,1.61885261,0.12329893,2.02592263
125.98944238,13.00978683,124.18467020,1.62458275,0.04298601,2.00570311
126.33941305,13.36213678,124.19249826,1.63032613,-0.00723858,2.00000000
126.68938372,13.71044733,124.17055817,1.63608160,-0.11047801,2.00000000
127.03935440,14.05716353,124.12108222,1.64184801,-0.16483179,2.00000000
127.38932507,14.40338429,124.06099770,1.64762423,-0.17082691,2.00000000
127.73929574,14.75020852,124.00723188,1.65340910,-0.12868079,2.00000000
128.08926642,15.09833185,123.96957884,1.65920148,-0.10492300,2.00000000
128.43923709,15.44689472,123.93362340,1.66500022,-0.09778072,2.00000000
128.78920776,15.79584258,123.90318409,1.67080418,-0.07334923,2.00000000
129.13917844,16.14523858,123.88433440,1.67661247,-0.03153732,2.00000000
129.48914911,16.49579191,123.88012443,1.68242454,-0.01591084,2.00000000
129.83911978,16.85137370,123.87309858,1.68823991,-0.01059874,2.00000000
130.18909046,17.20578073,123.88187230,1.69405806,0.07387043,2.00000000
130.53906113,17.55058032,123.93435438,1.69987850,0.24314382,2.00000000
130.88903180,17.87595020,124.05711390,1.70570074,0.48103162,2.00000000
131.23900248,18.16890978,124.24916596,1.71152426,0.66569295,2.00000000
131.58897315,18.43474499,124.48502454,1.71734858,0.77350550,2.00000000
131.93894382,18.68171297,124.73852369,1.72317319,0.81446726,2.00000000
132.28891450,18.91554163,125.00170772,1.72899759,0.87816265,2.00000000
132.63888517,19.12928380,125.28254419,1.73482129,0.96670974,2.00000000
132.98885584,19.31240163,125.58222737,1.74064378,1.08279326,2.00000000
133.33882652,19.45243274,125.90236547,1.74646456,1.25241911,2.00000000
133.68879719,19.53400402,126.24319012,1.75228314,1.40411311,2.00000000
134.03876786,19.57881751,126.59321887,1.75809901,1.46880205,2.00000000
134.38873853,19.60937868,126.94264782,1.76391167,1.50834551,2.00000000
134.73870921,19.61964108,127.29361988,1.76972063,1.57810666,2.00000000
135.08867988,19.60189177,127.64359873,1.77552539,1.66837823,2.00000000
135.43865055,19.55759353,127.99068869,1.78132544,1.70749292,2.00000000
135.78862123,19.50809948,128.33684743,1.78712029,1.71808296,2.00000000
136.13859190,19.45502811,128.68228121,1.79290944,1.72834545,2.00000000
136.48856257,19.39849565,129.02701416,1.79869238,1.73827719,2.00000000
136.83853325,19.33861837,129.37107041,1.80446863,1.74787541,2.00000000
137.18850392,19.27551250,129.71447407,1.81023767,1.75713777,2.00000000
137.53847459,19.20929428,130.05724926,1.81599901,1.76606230,2.00000000
137.88844527,19.14007998,130.39942012,1.82175215,1.77464737,2.00000000
138.23841594,19.06798582,130.74101077,1.82749658,1.78289168,2.00000000
138.58838661,18.99312806,131.08204532,1.83323182,1.79079420,2.00000000
138.93835729,18.91562295,131.42254790,1.83895736,1.79835418,2.00000000
139.28832796,18.83558673,131.76254264,1.84467270,1.80557110,2.00000000
139.63829863,18.75313564,132.10205366,1.85037734,1.81244466,2.00000000
139.98826931,18.66838594,132.44110508,1.85607079,1.81897471,2.00000000
140.33823998,18.58145386,132.77972102,1.86175253,1.82516130,2.00000000
140.68821065,18.49245567,133.11792561,1.86742208,1.83100459,2.00000000
141.03818133,18.40150759,133.45574298,1.87307893,1.83650486,2.00000000
141.38815200,18.30872588,133.79319723,1.87872259,1.84166247,2.00000000
141.73812267,18.21422678,134.13031251,1.88435255,1.84647789,2.00000000
142.08809335,18.11812655,134.46711293,1.88996850,1.85095160,2.00000000
142.43806402,18.02054142,134.80362261,1.89557024,1.85508414,2.00000000
142.78803469,17.92158764,135.13986568,1.90115756,1.85887609,2.00000000
143.13800537,17.82138147,135.47586626,1.90673027,1.86232800,2.00000000
143.48797604,17.72003913,135.81164847,1.91228819,1.86544045,2.00000000
143.83794671,17.61767689,136.14723645,1.91783111,1.86821398,2.00000000
144.18791739,17.51441099,136.48265430,1.92335884,1.87064911,2.00000000
144.53788806,17.41035767,136.81792616,1.92887119,1.87274633,2.00000000
144.88785873,17.30563318,137.15307614,1.93436796,1.87450607,2.00000000
145.23782941,17.20035376,137.48812838,1.93984896,1.87592873,2.00000000
145.58780008,17.09463567,137.82310699,1.94531400,1.87701464,2.00000000
145.93777075,16.98859515,138.15803610,1.95076287,1.87776407,2.00000000
146.28774143,16.88234844,138.49293983,1.95619539,1.87817721,2.00000000
146.63771210,16.77601179,138.82784230,1.96161136,1.87825421,2.00000000
146.98768277,16.66970145,139.16276765,1.96701059,1.87799512,2.00000000
147.33765345,16.56353366,139.49773998,1.97239288,1.87739995,2.00000000
147.68762412,16.45762467,139.83278342,1.97775804,1.87646862,2.00000000
148.03759479,16.35209073,140.16792211,1.98310587,1.87520098,2.00000000
148.38756547,16.24704808,140.50318015,1.98843618,1.87359685,2.00000000
148.73753614,16.14261297,140.83858168,1.99374878,1.87165594,2.00000000
149.08750681,16.03890164,141.17415081,1.99904346,1.86937795,2.00000000
149.43747749,15.93603034,141.50991168,2.00432005,1.86676251,2.00000000
149.78744816,15.83411532,141.84588840,2.00957833,1.86380922,2.00000000
150.13741883,15.73327282,142.18210510,2.01481813,1.86051763,2.00000000
150.48738951,15.63361909,142.51858589,2.02003923,1.85688728,2.00000000
150.83736018,15.53527038,142.85535491,2.02524146,1.85291772,2.00000000
151.18733085,15.43834292,143.19243628,2.03042461,1.84860848,2.00000000
151.53730152,15.34295298,143.52985412,2.03558849,1.84395909,2.00000000
151.88727220,15.24921679,143.86763255,2.04073291,1.83896915,2.00000000
152.23724287,15.15725060,144.20579570,2.04585767,1.83363829,2.00000000
152.58721354,15.06717065,144.54436769,2.05096258,1.82796619,2.00000000
152.93718422,14.97909320,144.88337264,2.05604744,1.82195263,2.00000000
153.28715489,14.89313448,145.22283468,2.06111206,1.81559749,2.00000000
153.63712556,14.80941076,145.56277792,2.06615624,1.80890078,2.00000000
153.98709624,14.72803826,145.90322651,2.07117980,1.80186264,2.00000000
154.33706691,14.64913324,146.24420455,2.07618253,1.79448338,2.00000000
154.68703758,14.57281194,146.58573616,2.08116425,1.78676353,2.00000000
155.03700826,14.49919062,146.92784549,2.08612484,1.77870382,2.00000000
155.38697893,14.42838551,147.27055663,2.09106422,1.77030522,2.00000000
155.73694960,14.36069752,147.61391120,2.09598229,1.76025539,2.00000000
156.08692028,14.29653172,147.95793778,2.10087897,1.75021970,2.00000000
156.43689095,14.23572403,148.30258985,2.10575417,1.74073459,2.00000000
156.78686162,14.17808784,148.64781834,2.11060779,1.73180037,2.00000000
157.13683230,14.12343653,148.99357415,2.11543976,1.72341694,2.00000000
157.48680297,14.07158348,149.33980821,2.12024997,1.71558389,2.00000000
157.83677364,14.02234206,149.68647143,2.12503836,1.70830056,2.00000000
158.18674432,13.97552567,150.03351472,2.12980481,1.70156610,2.00000000
158.53671499,13.93094768,150.38088900,2.13454926,1.69537959,2.00000000
158.88668566,13.88842147,150.72854518,2.13927160,1.68974004,2.00000000
159.23665634,13.84776042,151.07643418,2.14397175,1.68464647,2.00000000
159.58662701,13.80877792,151.42450691,2.14864963,1.68009795,2.00000000
159.93659768,13.77128734,151.77271429,2.15330513,1.67609369,2.00000000
160.28656836,13.73510208,152.12100723,2.15793818,1.67263301,2.00000000
160.63653903,13.70003550,152.46933664,2.16254869,1.66971541,2.00000000
160.98650970,13.66589619,152.81767182,2.16713656,1.66735723,2.00000148
161.33648038,13.63259139,153.16617347,2.17170171,1.66465577,2.00002048
161.68645105,13.60035730,153.51487854,2.17624405,1.66115940,2.00006121
162.03642172,13.56947553,153.86377188,2.18076349,1.65686755,2.00012348
162.38639240,13.54022770,154.21283832,2.18525995,1.65177924,2.00020710
162.73636307,13.51289542,154.56206270,2.18973333,1.64589320,2.00031188
163.08633374,13.48776031,154.91142985,2.19418354,1.63920789,2.00043765
163.43630442,13.46510398,155.26092461,2.19861051,1.63172168,2.00058420
163.78627509,13.44520806,155.61053182,2.20301413,1.62343294,2.00075135
164.13624576,13.42835416,155.96023631,2.20739432,1.61434021,2.00093892
164.48621644,13.41482389,156.31002291,2.21175100,1.60444234,2.00114670
164.83618711,13.40489887,156.65987648,2.21608406,1.59373866,2.00137453
165.18615778,13.39886073,157.00978183,2.22039343,1.58222922,2.00162220
165.53612846,13.39699106,157.35972380,2.22467902,1.56991493,2.00188953
165.88609913,13.39975821,157.70965026,2.22894074,1.55502065,2.00217633
166.23606980,13.40797798,158.05938584,2.23317849,1.53985029,2.00248242
166.58604048,13.42121111,158.40892870,2.23739220,1.52633868,2.00280759
166.93601115,13.43887658,158.75830077,2.24158177,1.51449092,2.00315168
167.28598182,13.46039333,159.10752399,2.24574711,1.50430899,2.00351448
167.63595250,13.48518035,159.45662030,2.24988810,1.49579273,2.00389581
167.98592317,13.51265659,159.80561163,2.25400444,1.48894069,2.00429549
168.33589384,13.54224102,160.15451992,2.25809582,1.48375083,2.00471332
168.68586452,13.57335261,160.50336711,2.26216193,1.48022111,2.00514911
169.03583519,13.60541032,160.85217514,2.26620245,1.47834991,2.00560268
169.38580586,13.63783312,161.20096594,2.27021705,1.47813629,2.00607383
169.73577653,13.67003997,161.54976145,2.27420541,1.47958019,2.00656239
170.08574721,13.70144984,161.89858360,2.27816723,1.48268242,2.00706816
170.43571788,13.73148169,162.24745434,2.28210218,1.48744455,2.00759096
170.78568855,13.75955449,162.59639560,2.28600995,1.49386866,2.00813059
171.13565923,13.78543920,162.94542065,2.28989021,1.49810643,2.00868687
171.48562990,13.81064346,163.29449637,2.29374265,1.49932159,2.00925960
171.83560057,13.83543398,163.64361505,2.29756695,1.50048220,2.00984861
172.18557125,13.85982974,163.99277474,2.30136279,1.50158827,2.01045370
172.53554192,13.88384970,164.34197350,2.30512985,1.50263981,2.01107469
172.88551259,13.90751283,164.69120939,2.30886782,1.50363682,2.01171138
173.23548327,13.93083810,165.04048047,2.31257637,1.50457932,2.01236359
173.58545394,13.95384449,165.38978478,2.31625520,1.50546732,2.01303113
173.93542461,13.97655096,165.73912039,2.31990397,1.50630083,2.01371381
174.28539529,13.99897649,166.08848535,2.32352238,1.50707984,2.01441144
174.63536596,14.02114004,166.43787772,2.32711011,1.50780439,2.01512384
174.98533663,14.04306058,166.78729556,2.33066682,1.50847446,2.01585082
175.33530731,14.06475708,167.13673692,2.33419222,1.50909008,2.01659218
175.68527798,14.08624852,167.48619985,2.33768598,1.50965125,2.01734775
176.03524865,14.10755386,167.83568242,2.34114778,1.51015797,2.01811733
176.38521933,14.12869208,168.18518269,2.34457730,1.51061026,2.01890073
176.73519000,14.14968214,168.53469870,2.34797423,1.51100811,2.01969777
177.08516067,14.17054301,168.88422851,2.35133824,1.51135154,2.02050825
177.43513135,14.19129367,169.23377018,2.35466903,1.51164055,2.02133199
177.78510202,14.21195309,169.58332177,2.35796627,1.51187515,2.02216881
178.13507269,14.23254022,169.93288134,2.36122963,1.51205533,2.02301851
178.48504337,14.25307405,170.28244693,2.36445882,1.51218110,2.02388090
178.83501404,14.27357355,170.63201661,2.36765350,1.51225247,2.02475580
179.18498471,14.29405768,170.98158843,2.37081336,1.51226943,2.02564302
179.53495539,14.31454542,171.33116046,2.37393808,1.51223198,2.02654236
179.88492606,14.33505573,171.68073073,2.37702734,1.51214013,2.02745365
180.23489673,14.35560758,172.03029732,2.38008082,1.51199387,2.02837670
180.58486741,14.37621995,172.37985828,2.38309801,1.51179321,2.02931130
180.93483808,14.39691181,172.72941166,2.38607801,1.51153813,2.03025729
181.28480875,14.41770212,173.07895552,2.38901988,1.51122863,2.03121446
181.63477943,14.43860985,173.42848792,2.39192271,1.51086472,2.03218263
181.98475010,14.45965398,173.77800691,2.39478555,1.51044639,2.03316162
182.33472077,14.48085348,174.12751056,2.39760748,1.50997362,2.03415123
182.68469145,14.50222731,174.47699691,2.40038755,1.50944642,2.03515128
183.03466212,14.52379445,174.82646402,2.40312485,1.50886479,2.03616157
183.38463279,14.54557386,175.17590996,2.40581845,1.50822870,2.03718192
183.73460347,14.56758452,175.52533277,2.40846740,1.50753816,2.03821215
184.08457414,14.58984540,175.87473051,2.41107077,1.50679315,2.03925205
184.43454481,14.61237546,176.22410124,2.41362765,1.50599367,2.04030146
184.78451549,14.63519367,176.57344302,2.41613708,1.50513971,2.04136016
185.13448616,14.65831902,176.92275389,2.41859815,1.50423127,2.04242799
185.48445683,14.68177046,177.27203193,2.42100992,1.50326832,2.04350475
185.83442751,14.70556696,177.62127518,2.42337146,1.50225087,2.04459024
186.18439818,14.72972750,177.97048170,2.42568184,1.50117890,2.04568430
186.53436885,14.75427105,178.31964955,2.42794013,1.50005241,2.04678671
186.88433952,14.77921658,178.66877679,2.43014539,1.49887139,2.04789731
187.23431020,14.80458305,179.01786146,2.43229670,1.49763582,2.04901589
187.58428087,14.83038944,179.36690163,2.43439311,1.49634570,2.05014227
187.93425154,14.85665471,179.71589535,2.43643371,1.49500103,2.05127627
188.28422222,14.88339784,180.06484069,2.43841756,1.49360179,2.05241769
188.63419289,14.91063780,180.41373569,2.44034372,1.49214798,2.05356634
188.98416356,14.93839356,180.76257841,2.44221127,1.49063960,2.05472205
189.33413424,14.96668409,181.11136691,2.44401928,1.48907664,2.05588461
189.68410491,14.99552835,181.46009924,2.44576681,1.48745910,2.05705384
190.03407558,15.02494532,181.80877347,2.44745293,1.48578698,2.05822956
190.38404626,15.05495396,182.15738765,2.44907671,1.48406027,2.05941157
190.73401693,15.08557326,182.50593983,2.45063721,1.48227898,2.06059969
191.08398760,15.11682217,182.85442807,2.45213352,1.48044311,2.06179372
191.43395828,15.14871967,183.20285043,2.45356469,1.47855266,2.06299349
191.78392895,15.18128472,183.55120496,2.45492980,1.47660765,2.06419880
192.13389962,15.21453631,183.89948972,2.45622790,1.47460809,2.06540946
192.48387030,15.24849339,184.24770277,2.45745808,1.47255397,2.06662529
192.83384097,15.28317494,184.59584217,2.45861940,1.47044533,2.06784609
193.18381164,15.31859993,184.94390596,2.45971094,1.46828217,2.06907168
193.53378232,15.35478733,185.29189221,2.46073203,1.46606452,2.07030188
193.88375299,15.39175611,185.63979897,2.46168224,1.46379239,2.07153648
194.23372366,15.42952523,185.98762430,2.46256119,1.46146583,2.07277531
194.58369434,15.46811368,186.33536625,2.46336844,1.45908484,2.07401818
194.93366501,15.50754041,186.68302289,2.46410361,1.45664948,2.07526489
195.28363568,15.54782440,187.03059226,2.46476627,1.45415978,2.07651527
195.63360636,15.58898462,187.37807243,2.46535603,1.45161577,2.07776911
195.98357703,15.63104004,187.72546145,2.46587248,1.44901751,2.07902624
196.33354770,15.67400963,188.07275738,2.46631520,1.44636505,2.08028646
196.68351838,15.71804120,188.41993907,2.46668380,1.44102252,2.08154959
197.03348905,15.76534943,188.76667325,2.46697785,1.42952453,2.08281544
197.38345972,15.81647636,189.11286620,2.46719696,1.41898028,2.08408381
197.73343040,15.87108990,189.45855318,2.46734072,1.40939077,2.08535453
198.08340107,15.92885796,189.80376943,2.46740873,1.40075613,2.08662741
198.43337174,15.98944844,190.14855019,2.46740056,1.39307579,2.08790224
198.78334242,16.05252925,190.49293073,2.46731582,1.38634879,2.08917886
199.13331309,16.11776829,190.83694628,2.46715409,1.38057398,2.09045706
199.48328376,16.18483347,191.18063209,2.46691498,1.37575015,2.09173667
199.83325444,16.25339270,191.52402340,2.46659807,1.37187626,2.09301749
200.18322511,16.32311389,191.86715548,2.46620295,1.36895152,2.09429933
200.53319578,16.39366493,192.21006356,2.46572923,1.36697551,2.09558201
200.88316646,16.46471918,192.55278406,2.46517648,1.36574807,2.09686533
201.23313713,16.53637771,192.89539115,2.46454430,1.36334872,2.09814912
201.58310780,16.60900079,193.23785348,2.46383229,1.36018495,2.09943317
201.93307848,16.68284470,193.58008802,2.46304004,1.35625639,2.10071731
202.28304915,16.75816572,193.92201174,2.46216714,1.35156237,2.10200135
202.63301982,16.83522015,194.26354160,2.46121317,1.34610209,2.10328509
202.98299050,16.91426425,194.60459458,2.46017775,1.33987463,2.10456835
203.33296117,16.99555432,194.94508763,2.45906045,1.33287908,2.10585094
203.68293184,17.07934664,195.28493773,2.45786087,1.32511464,2.10713267
204.03290252,17.16589750,195.62406184,2.45657860,1.31658076,2.10841335
204.38287319,17.25546317,195.96237693,2.45521324,1.30727724,2.10969281
204.73284386,17.34829995,196.29979996,2.45376437,1.29720443,2.11097083
205.08281453,17.44446787,196.63629832,2.45223160,1.28805821,2.11224725
205.43278521,17.54350676,196.97197631,2.45061450,1.27980108,2.11352187
205.78275588,17.64525030,197.30686601,2.44891268,1.27196010,2.11479450
206.13272655,17.74955469,197.64099379,2.44712590,1.26453505,2.11606495
206.48269723,17.85627613,197.97438602,2.44525546,1.25752554,2.11733304
206.83266790,17.96527080,198.30706907,2.44330350,1.25093104,2.11859858
207.18263857,18.07639492,198.63906931,2.44127217,1.24475091,2.11986138
207.53260925,18.18950466,198.97041313,2.43916362,1.23898449,2.12112125
207.88257992,18.30445624,199.30112688,2.43698000,1.23363107,2.12237800
208.23255059,18.42110585,199.63123695,2.43472346,1.22868992,2.12363145
208.58252127,18.53930967,199.96076971,2.43239615,1.22416039,2.12488140
208.93249194,18.65892392,200.28975152,2.43000021,1.22004184,2.12612768
209.28246261,18.77981059,200.61820768,2.42753779,1.21610358,2.12737008
209.63243329,18.90219485,200.94609506,2.42501105,1.21102889,2.12860842
209.98240396,19.02623581,201.27337905,2.42242214,1.20602866,2.12984252
210.33237463,19.15190557,201.60005896,2.41977319,1.20110267,2.13107219
210.68234531,19.27917621,201.92613411,2.41706636,1.19625071,2.13229723
211.03231598,19.40801986,202.25160380,2.41430381,1.19147254,2.13351746
211.38228665,19.53840860,202.57646735,2.41148767,1.18676793,2.13473269
211.73225733,19.67031453,202.90072409,2.40862009,1.18213663,2.13594273
212.08222800,19.80370976,203.22437331,2.40570324,1.17757841,2.13714740
212.43219867,19.93856637,203.54741434,2.40273924,1.17309301,2.13834651
212.78216935,20.07485648,203.86984649,2.39973026,1.16868018,2.13953986
213.13214002,20.21255218,204.19166908,2.39667844,1.16433966,2.14072727
213.48211069,20.35162557,204.51288141,2.39358594,1.16007119,2.14190855
213.83208137,20.49204875,204.83348281,2.39045489,1.15587450,2.14308352
214.18205204,20.63376793,205.15348828,2.38728745,1.15252097,2.14425198
214.53202271,20.77610937,205.47329469,2.38408576,1.15141097,2.14541375
214.88199339,20.91897667,205.79296396,2.38085199,1.14945833,2.14656864
215.23196406,21.06262637,206.11234636,2.37758827,1.14666306,2.14771646
215.58193473,21.20731497,206.43129214,2.37429675,1.14302478,2.14885701
215.93190541,21.35329902,206.74965156,2.37097958,1.13854277,2.14999013
216.28187608,21.50083504,207.06727488,2.36763892,1.13321604,2.15111561
216.63184675,21.65017955,207.38401236,2.36427690,1.12704344,2.15223326
216.98181743,21.80158908,207.69971426,2.36089569,1.12002377,2.15334291
217.33178810,21.95532015,208.01423083,2.35749742,1.11215591,2.15444435
217.68175877,22.11162929,208.32741233,2.35408425,1.10343896,2.15553741
218.03172945,22.27077303,208.63910903,2.35065833,1.09387243,2.15662190
218.38170012,22.43300789,208.94917117,2.34722180,1.08345643,2.15769761
218.73167079,22.59859039,209.25744903,2.34377681,1.07219185,2.15876438
219.08164147,22.76772852,209.56381926,2.34032568,1.06130653,2.15982201
219.43161214,22.93960275,209.86871418,2.33687145,1.05368268,2.16087031
219.78158281,23.11379729,210.17233825,2.33341737,1.04619194,2.16190909
220.13155349,23.29026184,210.47469596,2.32996668,1.03883374,2.16293817
220.48152416,23.46894608,210.77579180,2.32652262,1.03160749,2.16395735
220.83149483,23.64979971,211.07563025,2.32308845,1.02451253,2.16496645
221.18146551,23.83277241,211.37421581,2.31966741,1.01754821,2.16596529
221.53143618,24.01781387,211.67155295,2.31626274,1.01071384,2.16695366
221.88140685,24.20487379,211.96764617,2.31287769,1.00400868,2.16793139
222.23137753,24.39390184,212.26249995,2.30951551,0.99743201,2.16889828
222.58134820,24.58484773,212.55611878,2.30617943,0.99098307,2.16985416
222.93131887,24.77766114,212.84850715,2.30287271,0.98466108,2.17079882
223.28128954,24.97229175,213.13966954,2.29959859,0.97846528,2.17173208
223.63126022,25.16868926,213.42961044,2.29636032,0.97239487,2.17265375
223.98123089,25.36680336,213.71833433,2.29316114,0.96644906,2.17356365
224.33120156,25.56658373,214.00584571,2.29000430,0.96062706,2.17446159
224.68117224,25.76798007,214.29214906,2.28689304,0.95492808,2.17534737
225.03114291,25.97107673,214.57717238,2.28383061,0.94777316,2.17622081
225.38111358,26.17646068,214.86056498,2.28082025,0.93960087,2.17708173
225.73108426,26.38412934,215.14232066,2.27786521,0.93171352,2.17792993
226.08105493,26.59399213,215.42248379,2.27496874,0.92411082,2.17876522
226.43102560,26.80595845,215.70109871,2.27213407,0.91679234,2.17958742
226.78099628,27.01993772,215.97820977,2.26936446,0.90975755,2.18039634
227.13096695,27.23583935,216.25386134,2.26666315,0.90300588,2.18119179
227.48093762,27.45357276,216.52809777,2.26403339,0.89653666,2.18197358
227.83090830,27.67304734,216.80096341,2.26147842,0.89034918,2.18274153
228.18087897,27.89417252,217.07250262,2.25900149,0.88444273,2.18349544
228.53084964,28.11685771,217.34275974,2.25660584,0.87881654,2.18423513
228.88082032,28.34101232,217.61177914,2.25429472,0.87346988,2.18496040
229.23079099,28.56654575,217.87960517,2.25207137,0.86840201,2.18567108
229.58076166,28.79336743,218.14628218,2.24993904,0.86361222,2.18636697
229.93073234,29.02138676,218.41185453,2.24790098,0.85909984,2.18704789
230.28070301,29.25050796,218.67642177,2.24596042,0.85514838,2.18771364
230.63067368,29.48068468,218.94013558,2.24412062,0.85122317,2.18836404
230.98064436,29.71194322,219.20295998,2.24238482,0.84715086,2.18899890
231.33061503,29.94431229,219.46484911,2.24075627,0.84293110,2.18961804
231.68058570,30.17782064,219.72575705,2.23923821,0.83856352,2.19022125
232.03055638,30.41249697,219.98563794,2.23783293,0.83404775,2.19080836
232.38052705,30.64837001,220.24444587,2.23654063,0.82938343,2.19137918
232.73049772,30.88546849,220.50213497,2.23536122,0.82457018,2.19193352
233.08046840,31.12382112,220.75865934,2.23429461,0.81960764,2.19247118
233.43043907,31.36345664,221.01397310,2.23334070,0.81449543,2.19299199
233.78040974,31.60440376,221.26803035,2.23249942,0.80923321,2.19349576
234.13038042,31.84669120,221.52078521,2.23177066,0.80382065,2.19398228
234.48035109,32.09034770,221.77219179,2.23115434,0.79825741,2.19445139
234.83032176,32.33540197,222.02220421,2.23065037,0.79254321,2.19490289
235.18029244,32.58188274,222.27077657,2.23025865,0.78667775,2.19533658
235.53026311,32.82981873,222.51786299,2.22997910,0.78066080,2.19575229
235.88023378,33.07923866,222.76341758,2.22981163,0.77449213,2.19614983
236.23020446,33.33017125,223.00739444,2.22975614,0.76817156,2.19652900
236.58017513,33.58263182,223.24977477,2.22981255,0.76199778,2.19688962
236.93014580,33.83656618,223.49065603,2.22998076,0.75606160,2.19723150
237.28011648,34.09194338,223.73005659,2.23026068,0.75018632,2.19755445
237.63008715,34.34873822,223.96798144,2.23065223,0.74437157,2.19785828
237.98005782,34.60692551,224.20443560,2.23115532,0.73861699,2.19814281
238.33002850,34.86648006,224.43942404,2.23176984,0.73292220,2.19840785
238.67999917,35.12737667,224.67295176,2.23249572,0.72728679,2.19865320
239.02996984,35.38959016,224.90502377,2.23333286,0.72171039,2.19887869
239.37994052,35.65309534,225.13564505,2.23428117,0.71619257,2.19908411
239.72991119,35.91786700,225.36482060,2.23534057,0.71073294,2.19926930
240.07988186,36.18387996,225.59255542,2.23651095,0.70533108,2.19943404
240.42985253,36.45110903,225.81885450,2.23779224,0.69998657,2.19957817
240.77982321,36.71952902,226.04372284,2.23918434,0.69469899,2.19970148
241.12979388,36.98911472,226.26716542,2.24068715,0.68946791,2.19980380
241.47976455,37.25984096,226.48918726,2.24230060,0.68429290,2.19988493
241.82973523,37.53168254,226.70979334,2.24402458,0.67917352,2.19994468
242.17970590,37.80461426,226.92898865,2.24585902,0.67410935,2.19998287
242.52967657,38.07861094,227.14677820,2.24780381,0.66909994,2.19999931
242.87964725,38.35367095,227.36318415,2.24985887,0.66412956,2.20000000
243.22961792,38.62983660,227.57824274,2.25202411,0.65913928,2.20000000
243.57958859,38.90710439,227.79193996,2.25429944,0.65412404,2.20000000
243.92955927,39.18546836,228.00425967,2.25668476,0.64908345,2.20000000
244.27952994,39.46492258,228.21518575,2.25917999,0.64401716,2.20000000
244.62950061,39.74546109,228.42470204,2.26178498,0.63892480,2.20000000
244.97947129,40.02707795,228.63279241,2.26449807,0.63380601,2.20000000
245.32944196,40.30976723,228.83944072,2.26731573,0.62866044,2.20000000
245.67941263,40.59352296,229.04463084,2.27023433,0.62348772,2.20000000
246.02938331,40.87833922,229.24834662,2.27325026,0.61828750,2.20000000
246.37935398,41.16421005,229.45057192,2.27635990,0.61305943,2.20000000
246.72932465,41.45112951,229.65129060,2.27955961,0.60780315,2.20000000
247.07929533,41.73909165,229.85048654,2.28284578,0.60251832,2.20000000
247.42926600,42.02809053,230.04814358,2.28621479,0.59720460,2.20000000
247.77923667,42.31812021,230.24424559,2.28966300,0.59186163,2.20000000
248.12920735,42.60917474,230.43877642,2.29318680,0.58648909,2.20000000
248.47917802,42.90124817,230.63171995,2.29678257,0.58108662,2.20000000
248.82914869,43.19433456,230.82306004,2.30044668,0.57565391,2.20000000
249.17911937,43.48844209,231.01276062,2.30417551,0.56971497,2.20000000
249.52909004,43.78378607,231.20050019,2.30796543,0.56279849,2.20000000
249.87906071,44.08039347,231.38623842,2.31181282,0.55618924,2.20000000
250.22903139,44.37820189,231.57006306,2.31571407,0.54988743,2.20000000
250.57900206,44.67714894,231.75206189,2.31966554,0.54389314,2.20000000
250.92897273,44.97717224,231.93232265,2.32366361,0.53820636,2.20000000
251.27894341,45.27820939,232.11093311,2.32770466,0.53282701,2.20000000
251.62891408,45.58019799,232.28798102,2.33178507,0.52775490,2.20000000
251.97888475,45.88307566,232.46355414,2.33590121,0.52298984,2.20000000
252.32885543,46.18678000,232.63774023,2.34004947,0.51853157,2.20000000
252.67882610,46.49124863,232.81062705,2.34422621,0.51437980,2.20000000
253.02879677,46.79641915,232.98230236,2.34842782,0.51053425,2.20000000
253.37876745,47.10222917,233.15285391,2.35265067,0.50699463,2.20000000
253.72873812,47.40861629,233.32236947,2.35689114,0.50376065,2.20000000
254.07870879,47.71551813,233.49093679,2.36114560,0.50083206,2.20000000
254.42867947,48.02287229,233.65864362,2.36541044,0.49820863,2.20000000
254.77865014,48.33061639,233.82557774,2.36968202,0.49589016,2.20000000
255.12862081,48.63868803,233.99182690,2.37395674,0.49387650,2.20000000
255.47859149,48.94702481,234.15747884,2.37823095,0.49216757,2.20000000
255.82856216,49.25554160,234.32275790,2.38250105,0.49173437,2.20000000
256.17853283,49.56417654,234.48799944,2.38676340,0.49130787,2.20000000
256.52850351,49.87298753,234.65307106,2.39101439,0.49040417,2.20000000
256.87847418,50.18203746,234.81781679,2.39525039,0.48902340,2.20000000
257.22844485,50.49138923,234.98208070,2.39946778,0.48716555,2.20000000
257.57841553,50.80110573,235.14570683,2.40366302,0.48483048,2.20000000
257.92838620,51.11124988,235.30853924,2.40783347,0.48201794,2.20000000
258.27835687,51.42188455,235.47042196,2.41197712,0.47872758,2.20000000
258.62832754,51.73307266,235.63119906,2.41609195,0.47495897,2.20000000
258.97829822,52.04487711,235.79071457,2.42017595,0.47071161,2.20000000
259.32826889,52.35736078,235.94881256,2.42422709,0.46598497,2.20000000
259.67823956,52.67058659,236.10533706,2.42824336,0.46077852,2.20000000
260.02821024,52.98461742,236.26013214,2.43222274,0.45509177,2.20000000
260.37818091,53.29951619,236.41304183,2.43616321,0.44892426,2.20000000
260.72815158,53.61534578,236.56391019,2.44006276,0.44227566,2.20000000
261.07812226,53.93216909,236.71258127,2.44391938,0.43514579,2.20000000
261.42809293,54.25004903,236.85889911,2.44773104,0.42753465,2.20000000
261.77806360,54.56904850,237.00270777,2.45149572,0.41944247,2.20000000
262.12803428,54.88923039,237.14385130,2.45521142,0.41086982,2.20000000
262.47800495,55.21065760,237.28217375,2.45887611,0.40181756,2.20000000
262.82797562,55.53339019,237.41749698,2.46248778,0.39205806,2.20000000
263.17794630,55.85741995,237.54959791,2.46604441,0.38225831,2.20000000
263.52791697,56.18267113,237.67860172,2.46954398,0.37302965,2.20000000
263.87788764,56.50906535,237.80469276,2.47298448,0.36437332,2.20000000
264.22785832,56.83652427,237.92805536,2.47636388,0.35629007,2.20000000
264.57782899,57.16496953,238.04887388,2.47968018,0.34878024,2.20000000
264.92779966,57.49432276,238.16733264,2.48293136,0.34184384,2.20000000
265.27777034,57.82450561,238.28361599,2.48611539,0.33548062,2.20000000
265.62774101,58.15543972,238.39790828,2.48923027,0.32969016,2.20000000
265.97771168,58.48704672,238.51039384,2.49227397,0.32447189,2.20000000
266.32768236,58.81924827,238.62125702,2.49524448,0.31982520,2.20000000
266.67765303,59.15196600,238.73068215,2.49813978,0.31574944,2.20000000
267.02762370,59.48512156,238.83885359,2.50095786,0.31224402,2.20000000
267.37759438,59.81863657,238.94595567,2.50369669,0.30930839,2.20000000
267.72756505,60.15243270,239.05217273,2.50635427,0.30694212,2.20000000
268.07753572,60.48643156,239.15768912,2.50892857,0.30514490,2.20000000
268.42750640,60.82055482,239.26268918,2.51141757,0.30391658,2.20000000
268.77747707,61.15472410,239.36735725,2.51381927,0.30325720,2.20000000
269.12744774,61.48886105,239.47187766,2.51613164,0.30316695,2.20000000
269.47741842,61.82289054,239.57643073,2.51835267,0.30345331,2.20000000
269.82738909,62.15694761,239.68089743,2.52048033,0.30266720,2.20000000
270.17735976,62.49115392,239.78506515,2.52251262,0.30156862,2.20000000
270.52733044,62.82553120,239.88882601,2.52444797,0.30015759,2.20000000
270.87730111,63.16010115,239.99207209,2.52628724,0.29843409,2.20000000
271.22727178,63.49488548,240.09469547,2.52803212,0.29639803,2.20000000
271.57724246,63.82990589,240.19658825,2.52968431,0.29404929,2.20000000
271.92721313,64.16518409,240.29764252,2.53124549,0.29138770,2.20000000
272.27718380,64.50074179,240.39775036,2.53271735,0.28841306,2.20000000
272.62715448,64.83660070,240.49680387,2.53410158,0.28512515,2.20000000
272.97712515,65.17278252,240.59469513,2.53539988,0.28152373,2.20000000
273.32709582,65.50930897,240.69131624,2.53661392,0.27760855,2.20000000
273.67706650,65.84620174,240.78655929,2.53774541,0.27337937,2.20000000
274.02703717,66.18348255,240.88031636,2.53879602,0.26883597,2.20000000
274.37700784,66.52117310,240.97247954,2.53976745,0.26397815,2.20000000
274.72697852,66.85929510,241.06294093,2.54066138,0.25880575,2.20000000
275.07694919,67.19787025,241.15159262,2.54147951,0.25331867,2.20000000
275.42691986,67.53692028,241.23832668,2.54222353,0.24751689,2.20000000
275.77689054,67.87646687,241.32303522,2.54289513,0.24140046,2.20000000
276.12686121,68.21653175,241.40561033,2.54349598,0.23496956,2.20000000
276.47683188,68.55713661,241.48594408,2.54402779,0.22822446,2.20000000
276.82680255,68.89829575,241.56395760,2.54449225,0.22172409,2.20000000
277.17677323,69.23991010,241.64001566,2.54489103,0.21643583,2.20000000
277.52674390,69.58193039,241.71428948,2.54522584,0.21126766,2.20000000
277.87671457,69.92434110,241.78681852,2.54549836,0.20621956,2.20000000
278.22668525,70.26712666,241.85764227,2.54571027,0.20129145,2.20000000
278.57665592,70.61027156,241.92680021,2.54586328,0.19648325,2.20000000
278.92662659,70.95376023,241.99433181,2.54595907,0.19179485,2.20000000
279.27659727,71.29757715,242.06027656,2.54599932,0.18722615,2.20000000
279.62656794,71.64170677,242.12467393,2.54598573,0.18277699,2.20000000
279.97653861,71.98613354,242.18756340,2.54591999,0.17844724,2.20000000
280.32650929,72.33084194,242.24898444,2.54580378,0.17423673,2.20000000
280.67647996,72.67581641,242.30897655,2.54563880,0.17014530,2.20000000
281.02645063,73.02104142,242.36757918,2.54542673,0.16617276,2.20000000
281.37642131,73.36650142,242.42483183,2.54516927,0.16231894,2.20000000
281.72639198,73.71218088,242.48077398,2.54486810,0.15858366,2.20000000
282.07636265,74.05806425,242.53544509,2.54452491,0.15496672,2.20000000
282.42633333,74.40413599,242.58888465,2.54414139,0.15146794,2.20000000
282.77630400,74.75038056,242.64113214,2.54371924,0.14808712,2.20000000
283.12627467,75.09678242,242.69222703,2.54326013,0.14482409,2.20000000
283.47624535,75.44332603,242.74220881,2.54276583,0.14167867,2.20000000
283.82621602,75.78999584,242.79111694,2.54223827,0.13865067,2.20000000
284.17618669,76.13677633,242.83899092,2.54167941,0.13573992,2.20000000
284.52615737,76.48365193,242.88587022,2.54109121,0.13294627,2.20000000
284.87612804,76.83061530,242.93173450,2.54047565,0.12907814,2.20000000
285.22609871,77.17778913,242.97564001,2.53983466,0.12258806,2.20000000
285.57606939,77.52520658,243.01736235,2.53917024,0.11652374,2.20000000
285.92604006,77.87285098,243.05704990,2.53848432,0.11088578,2.20000000
286.27601073,78.22070567,243.09485104,2.53777888,0.10567455,2.20000000
286.62598141,78.56875397,243.13091415,2.53705589,0.10089031,2.20000000
286.97595208,78.91697923,243.16538763,2.53631729,0.09653317,2.20000000
287.32592275,79.26536478,243.19841986,2.53556506,0.09260317,2.20000000
287.67589343,79.61389395,243.23015923,2.53480116,0.08910026,2.20000000
288.02586410,79.96255008,243.26075412,2.53402754,0.08602434,2.20000000
288.37583477,80.31131650,243.29035292,2.53324618,0.08337529,2.20000000
288.72580545,80.66017655,243.31910401,2.53245904,0.08115297,2.20000000
289.07577612,81.00911356,243.34715578,2.53166807,0.07935725,2.20000000
289.42574679,81.35811087,243.37465662,2.53087524,0.07798798,2.20000000
289.77571747,81.70715181,243.40175491,2.53008252,0.07704507,2.20000000
290.12568814,82.05621971,243.42859904,2.52929186,0.07652845,2.20000000
290.47565881,82.40529792,243.45533739,2.52850523,0.07643807,2.20000000
290.82562949,82.75436976,243.48211834,2.52772459,0.07677393,2.20000000
291.17560016,83.10341857,243.50909030,2.52695191,0.07753607,2.20000000
291.52557083,83.45242768,243.53640163,2.52618914,0.07872456,2.20000000
291.87554151,83.80138044,243.56420074,2.52543825,0.08033950,2.20000000
292.22551218,84.15026017,243.59263599,2.52470120,0.08238103,2.20000000
292.57548285,84.49905021,243.62185578,2.52397996,0.08484928,2.20000000
292.92545353,84.84773389,243.65200850,2.52327648,0.08774442,2.20000000
293.27542420,85.19635376,243.68273205,2.52259273,0.08799237,2.20000000
293.62539487,85.54496898,243.71351752,2.52193067,0.08816517,2.20000000
293.97536554,85.89357980,243.74436196,2.52129227,0.08833022,2.20000000
294.32533622,86.24218640,243.77526266,2.52067949,0.08848752,2.20000000
294.67530689,86.59078902,243.80621690,2.52009428,0.08863707,2.20000000
295.02527756,86.93938786,243.83722199,2.51953862,0.08877886,2.20000000
295.37524824,87.28798312,243.86827522,2.51901447,0.08891290,2.20000000
295.72521891,87.63657502,243.89937389,2.51852378,0.08903920,2.20000000
296.07518958,87.98516377,243.93051529,2.51806850,0.08915774,2.20000000
296.42516026,88.33374958,243.96169671,2.51764973,0.08926853,2.20000000
296.77513093,88.68233265,243.99291547,2.51726733,0.08937158,2.20000000
297.12510160,89.03091320,244.02416884,2.51692110,0.08946687,2.20000000
297.47507228,89.37949144,244.05545412,2.51661082,0.08955441,2.20000000
297.82504295,89.72806757,244.08676862,2.51633628,0.08963420,2.20000000
298.17501362,90.07664182,244.11810962,2.51609726,0.08970624,2.20000000
298.52498430,90.42521437,244.14947442,2.51589354,0.08977053,2.20000000
298.87495497,90.77378546,244.18086032,2.51572492,0.08982707,2.20000000
299.22492564,91.12235528,244.21226461,2.51559117,0.08987586,2.20000000
299.57489632,91.47092404,244.24368459,2.51549208,0.08991690,2.20000000
299.92486699,91.81949197,244.27511756,2.51542744,0.08995019,2.20000000
300.27483766,92.16805925,244.30656080,2.51539703,0.08997573,2.20000000
300.62480834,92.51662612,244.33801162,2.51540064,0.08999352,2.20000000
300.97477901,92.86519277,244.36946731,2.51543805,0.09000356,2.20000000
301.32474968,93.21375941,244.40092516,2.51550905,0.09000585,2.20000000
301.67472036,93.56232626,244.43238248,2.51561342,0.09000039,2.20000000
302.02469103,93.91089352,244.46383655,2.51575095,0.08998718,2.20000000
302.37466170,94.25946141,244.49528468,2.51592142,0.08996622,2.20000000
302.72463238,94.60803013,244.52672415,2.51612462,0.08993751,2.20000000
303.07460305,94.95659990,244.55815227,2.51636034,0.08990105,2.20000000
303.42457372,95.30517092,244.58956632,2.51662835,0.08985684,2.20000000
303.77454440,95.65374341,244.62096361,2.51692845,0.08980488,2.20000000
304.12451507,96.00231757,244.65234144,2.51726042,0.08974517,2.20000000
304.47448574,96.35089361,244.68369708,2.51762404,0.08967771,2.20000000
304.82445642,96.69947174,244.71502785,2.51801911,0.08960250,2.20000000
305.17442709,97.04805218,244.74633104,2.51844539,0.08951954,2.20000000
305.52439776,97.39663514,244.77760394,2.51890269,0.08942883,2.20000000
305.87436844,97.74522081,244.80884384,2.51939079,0.08933037,2.20000000
306.22433911,98.09380942,244.84004805,2.51990946,0.08922416,2.20000000
306.57430978,98.44240117,244.87121386,2.52045850,0.08911019,2.20000000
306.92428046,98.79099628,244.90233857,2.52103769,0.08898848,2.20000000
307.27425113,99.13959494,244.93341946,2.52164682,0.08885902,2.20000000
307.62422180,99.48819738,244.96445384,2.52228567,0.08872181,2.20000000
307.97419248,99.83680380,244.99543900,2.52295403,0.08857685,2.20000000
308.32416315,100.18541441,245.02637224,2.52365168,0.08842414,2.20000000
308.67413382,100.53402943,245.05725085,2.52437840,0.08826367,2.20000000
309.02410450,100.88264905,245.08807213,2.52513397,0.08809546,2.20000000
309.37407517,101.23127350,245.11883338,2.52591790,0.08791949,2.20000000
309.72404584,101.57990297,245.14953188,2.52672949,0.08773578,2.20000000
310.07401652,101.92853769,245.18016494,2.52756804,0.08754431,2.20000000
310.42398719,102.27717786,245.21072984,2.52843287,0.08734509,2.20000000
310.77395786,102.62582369,245.24122390,2.52932327,0.08713813,2.20000000
311.12392854,102.97447539,245.27164439,2.53023855,0.08692341,2.20000000
311.47389921,103.32313317,245.30198862,2.53117800,0.08670094,2.20000000
311.82386988,103.67179725,245.33225389,2.53214095,0.08647072,2.20000000
312.17384055,104.02046782,245.36243748,2.53312668,0.08623274,2.20000000
312.52381123,104.36914510,245.39253670,2.53413451,0.08598702,2.20000000
312.87378190,104.71782930,245.42254884,2.53516374,0.08573354,2.20000000
313.22375257,105.06652063,245.45247119,2.53621367,0.08547232,2.20000000
313.57372325,105.41521930,245.48230105,2.53728360,0.08520334,2.20000000
313.92369392,105.76392552,245.51203571,2.53837284,0.08492661,2.20000000
314.27366459,106.11263949,245.54167248,2.53948069,0.08464213,2.20000000
314.62363527,106.46136144,245.57120865,2.54060646,0.08434990,2.20000000
314.97360594,106.81009157,245.60064151,2.54174945,0.08404991,2.20000000
315.32357661,107.15883008,245.62996835,2.54290897,0.08374218,2.20000000
315.67354729,107.50757719,245.65918648,2.54408431,0.08342669,2.20000000
316.02351796,107.85633311,245.68829319,2.54527478,0.08310345,2.20000000
316.37348863,108.20509805,245.71728578,2.54647969,0.08277246,2.20000000
316.72345931,108.55387222,245.74616153,2.54769834,0.08243372,2.20000000
317.07342998,108.90265582,245.77491776,2.54893004,0.08208722,2.20000000
317.42340065,109.25144907,245.80355174,2.55017408,0.08173298,2.20000000
317.77337133,109.60025218,245.83206078,2.55142977,0.08137098,2.20000000
318.12334200,109.94906535,245.86044217,2.55269641,0.08100123,2.20000000
318.47331267,110.29788881,245.88869321,2.55397332,0.08062373,2.20000000
318.82328335,110.64672275,245.91681119,2.55525978,0.08023848,2.20000000
319.17325402,110.99556738,245.94479342,2.55655512,0.07984547,2.20000000
319.52322469,111.34442293,245.97263718,2.55785862,0.07944472,2.20000000
319.87319537,111.69328958,246.00033977,2.55916960,0.07903621,2.20000000
320.22316604,112.04216757,246.02789848,2.56048736,0.07861995,2.20000000
320.57313671,112.39105709,246.05531062,2.56181119,0.07819595,2.20000000
320.92310739,112.73995836,246.08257347,2.56314042,0.07776419,2.20000000
321.27307806,113.08887158,246.10968434,2.56447433,0.07732468,2.20000000
321.62304873,113.43779697,246.13664051,2.56581223,0.07687742,2.20000000
321.97301941,113.78673473,246.16343929,2.56715352,0.07642241,2.20000000
322.32299008,114.13568508,246.19007797,2.56849810,0.07595965,2.20000000
322.67296075,114.48464822,246.21655384,2.56984612,0.07548913,2.20000000
323.02293143,114.83362437,246.24286420,2.57119772,0.07501087,2.20000000
323.37290210,115.18261374,246.26900635,2.57255304,0.07452486,2.20000000
323.72287277,115.53161652,246.29497758,2.57391222,0.07403111,2.20000000
324.07284345,115.88063295,246.32077519,2.57527539,0.07352960,2.20000000
324.42281412,116.22966321,246.34639647,2.57664271,0.07302034,2.20000000
324.77278479,116.57870757,246.37183761,2.57801431,0.07246894,2.20000000
325.12275547,116.92776751,246.39705482,2.57939033,0.07176904,2.20000000
325.47272614,117.27684351,246.42202986,2.58077091,0.07108200,2.20000000
325.82269681,117.62593527,246.44676723,2.58215619,0.07040780,2.20000000
326.17266749,117.97504250,246.47127142,2.58354631,0.06974646,2.20000000
326.52263816,118.32416489,246.49554690,2.58494142,0.06909798,2.20000000
326.87260883,118.67330215,246.51959819,2.58634165,0.06846235,2.20000000
327.22257951,119.02245398,246.54342975,2.58774714,0.06783958,2.20000000
327.57255018,119.37162008,246.56704609,2.58915803,0.06722966,2.20000000
327.92252085,119.72080016,246.59045169,2.59057447,0.06663260,2.20000000
328.27249153,120.06999391,246.61365105,2.59199659,0.06604840,2.20000000
328.62246220,120.41920104,246.63664865,2.59342454,0.06547705,2.20000000
328.97243287,120.76842126,246.65944898,2.59485845,0.06491856,2.20000000
329.32240354,121.11765425,246.68205653,2.59629846,0.06437293,2.20000000
329.67237422,121.46689973,246.70447580,2.59774473,0.06384016,2.20000000
330.02234489,121.81615740,246.72671127,2.59919737,0.06332025,2.20000000
330.37231556,122.16542695,246.74876743,2.60065655,0.06281319,2.20000000
330.72228624,122.51470809,246.77064877,2.60212238,0.06231900,2.20000000
331.07225691,122.86400053,246.79235978,2.60359503,0.06183766,2.20000000
331.42222758,123.21330396,246.81390495,2.60507462,0.06136918,2.20000000
331.77219826,123.56261809,246.83528877,2.60656130,0.06091356,2.20000000
332.12216893,123.91194262,246.85651574,2.60805521,0.06047081,2.20000000
332.47213960,124.26127725,246.87759033,2.60955649,0.06004091,2.20000000
332.82211028,124.61062168,246.89851704,2.61106527,0.05962387,2.20000000
333.17208095,124.95997562,246.91930037,2.61258171,0.05921968,2.20000000
333.52205162,125.30933876,246.93994479,2.61410593,0.05882836,2.20000000
333.87202230,125.65871081,246.96045480,2.61563808,0.05844990,2.20000000
334.22199297,126.00809148,246.98083489,2.61717831,0.05808429,2.20000000
334.57196364,126.35748045,247.00108955,2.61872674,0.05773155,2.20000000
334.92193432,126.70687745,247.02122327,2.62028338,0.05739166,2.20000000
335.27190499,127.05628216,247.04124053,2.62184776,0.05706463,2.20000000
335.62187566,127.40569428,247.06114584,2.62341932,0.05675046,2.20000000
335.97184634,127.75511353,247.08094367,2.62499749,0.05644915,2.20000000
336.32181701,128.10453961,247.10063852,2.62658172,0.05616069,2.20000000
336.67178768,128.45397221,247.12023487,2.62817143,0.05588509,2.20000000
337.02175836,128.80341103,247.13973723,2.62976607,0.05562235,2.20000000
337.37172903,129.15285579,247.15915006,2.63136508,0.05537247,2.20000000
337.72169970,129.50230617,247.17847788,2.63296788,0.05513545,2.20000000
338.07167038,129.85176189,247.19772516,2.63457392,0.05491128,2.20000000
338.42164105,130.20122265,247.21689640,2.63618263,0.05469997,2.20000000
338.77161172,130.55068814,247.23599608,2.63779345,0.05450151,2.20000000
339.12158240,130.90015808,247.25502870,2.63940582,0.05431591,2.20000000
339.47155307,131.24963215,247.27399875,2.64101918,0.05414317,2.20000000
339.82152374,131.59911007,247.29291071,2.64263296,0.05398329,2.20000000
340.17149442,131.94859153,247.31176907,2.64424659,0.05383626,2.20000000
340.52146509,132.29807625,247.33057833,2.64585952,0.05370208,2.20000000
340.87143576,132.64756391,247.34934297,2.64747119,0.05358077,2.20000000
341.22140644,132.99705422,247.36806749,2.64908102,0.05347230,2.20000000
341.57137711,133.34654689,247.38675637,2.65068846,0.05337670,2.20000000
341.92134778,133.69604162,247.40541410,2.65229294,0.05329395,2.20000000
342.27131846,134.04553810,247.42404518,2.65389391,0.05322405,2.20000000
342.62128913,134.39503604,247.44265409,2.65549079,0.05316701,2.20000000
342.97125980,134.74453515,247.46124532,2.65708302,0.05312283,2.20000000
343.32123048,135.09403511,247.47982337,2.65867005,0.05309150,2.20000000
343.67120115,135.44353565,247.49839271,2.66025131,0.05307302,2.20000000
344.02117182,135.79303645,247.51695785,2.66182623,0.05306740,2.20000000
344.37114250,136.14253723,247.53552327,2.66339425,0.05307464,2.20000000
344.72111317,136.49203767,247.55409347,2.66495482,0.05309473,2.20000000
345.07108384,136.84153749,247.57267292,2.66650736,0.05312768,2.20000000
345.42105452,137.19103639,247.59126612,2.66805131,0.05317348,2.20000000
345.77102519,137.54053406,247.60987757,2.66958611,0.05323214,2.20000000
346.12099586,137.89003022,247.62851175,2.67111121,0.05330365,2.20000000
346.47096654,138.23952456,247.64717314,2.67262602,0.05338802,2.20000000
346.82093721,138.58901678,247.66586625,2.67413000,0.05348524,2.20000000
347.17090788,138.93850659,247.68459555,2.67562257,0.05359532,2.20000000
347.52087855,139.28799369,247.70336555,2.67710318,0.05371825,2.20000000
347.87084923,139.63747778,247.72218072,2.67857104,0.05385404,2.20000000
348.22081990,139.98695856,247.74104557,2.68002501,0.05400269,2.20000000
348.57079057,140.33643574,247.75996457,2.68146389,0.05416419,2.20000000
348.92076125,140.68590901,247.77894222,2.68288651,0.05433855,2.20000000
349.27073192,141.03537809,247.79798301,2.68429169,0.05452577,2.20000000
349.62070259,141.38484266,247.81709143,2.68567824,0.05472584,2.20000000
349.97067327,141.73430244,247.83627197,2.68704498,0.05493877,2.20000000
350.32064394,142.08375712,247.85552911,2.68839072,0.05516455,2.20000000
350.67061461,142.43320641,247.87486735,2.68971429,0.05540319,2.20000000
351.02058529,142.78265001,247.89429118,2.69101450,0.05565469,2.20000000
351.37055596,143.13208762,247.91380508,2.69229016,0.05591905,2.20000000
351.72052663,143.48151894,247.93341355,2.69354010,0.05619627,2.20000000
352.07049731,143.83094368,247.95312108,2.69476314,0.05648634,2.20000000
352.42046798,144.18036153,247.97293215,2.69595808,0.05678927,2.20000000
352.77043865,144.52977221,247.99285126,2.69712375,0.05710506,2.20000000
353.12040933,144.87917540,248.01288289,2.69825896,0.05743371,2.20000000
353.47038000,145.22857082,248.03303154,2.69936253,0.05777521,2.20000000
353.82035067,145.57795817,248.05330170,2.70043328,0.05812958,2.20000000
354.17032135,145.92733714,248.07369785,2.70147003,0.05849680,2.20000000
354.52029202,146.27670744,248.09422448,2.70247158,0.05887688,2.20000000
354.87026269,146.62606878,248.11488609,2.70343677,0.05926982,2.20000000
355.22023337,146.97542084,248.13568717,2.70436440,0.05967562,2.20000000
355.57020404,147.32476335,248.15663219,2.70525329,0.06009428,2.20000000
355.92017471,147.67409599,248.17772566,2.70610227,0.06052580,2.20000000
356.27014539,148.02341847,248.19897207,2.70691014,0.06097017,2.20000000
356.62011606,148.37273049,248.22037589,2.70767572,0.06142741,2.20000000
356.97008673,148.72203176,248.24194163,2.70839784,0.06189751,2.20000000
357.32005741,149.07132197,248.26367378,2.70907531,0.06238046,2.20000000
357.67002808,149.42060083,248.28557681,2.70970694,0.06287628,2.20000000
358.01999875,149.76986804,248.30765523,2.71029156,0.06338495,2.20000000
358.36996943,150.11912330,248.32991352,2.71082797,0.06390648,2.20000000
358.71994010,150.46836632,248.35235617,2.71131500,0.06444087,2.20000000
359.06991077,150.81759679,248.37498767,2.71175147,0.06498812,2.20000000
359.41988145,151.16681442,248.39781251,2.71213619,0.06554823,2.20000000
359.76985212,151.51601891,248.42083518,2.71246798,0.06612120,2.20000000
360.11982279,151.86520997,248.44406018,2.71274565,0.06670702,2.20000000
360.46979347,152.21438729,248.46749198,2.71296807,0.06730570,2.20000000
360.81976414,152.56355057,248.49113509,2.71313491,0.06791724,2.20000000
361.16973481,152.91269952,248.51499398,2.71324661,0.06854163,2.20000000
361.51970549,153.26183384,248.53907316,2.71330363,0.06917888,2.20000000
361.86967616,153.61095324,248.56337710,2.71330643,0.06982898,2.20000000
362.21964683,153.96005741,248.58791031,2.71325548,0.07049194,2.20000000
362.56961751,154.30914606,248.61267726,2.71315123,0.07116775,2.20000000
362.91958818,154.65821888,248.63768245,2.71299415,0.07185642,2.20000000
363.26955885,155.00727559,248.66293037,2.71278469,0.07255793,2.20000000
363.61952953,155.35639279,248.68805194,2.71252333,0.06289705,2.20000000
363.96950020,155.70758115,248.70336306,2.71221052,0.02859479,2.20000000
364.31947087,156.06042532,248.71117281,2.71184672,0.01989619,2.20000000
364.66944155,156.41315980,248.72038183,2.71143239,0.03655247,2.20000000
365.01941222,156.76401907,248.73989076,2.71096800,0.07891718,2.20000000
365.36938289,157.11123761,248.77860023,2.71045401,0.14762805,2.20000000
365.71935356,157.45304991,248.84541090,2.70989088,0.24274756,2.20000000
366.06932424,157.78687254,248.94924166,2.70927906,0.36273086,2.19975831
366.41929491,158.10779635,249.09199004,2.70861904,0.47071358,2.19826541
366.76926558,158.41460131,249.26612720,2.70791125,0.55854587,2.19549550
367.11923626,158.70650903,249.46362810,2.70715617,0.62837525,2.19154774
367.46920693,158.98566568,249.67735207,2.70635426,0.67639159,2.18652129
367.81917760,159.25494954,249.90766806,2.70550598,0.74361429,2.18051529
368.16914828,159.50360635,250.15859879,2.70461179,0.84182576,2.17362890
368.51911895,159.72012004,250.43418171,2.70367214,0.97383210,2.16596129
368.86908962,159.89639931,250.73559135,2.70268752,1.09085919,2.15761160
369.21906030,160.04501020,251.04950879,2.70165837,1.16479146,2.14867899
369.56903097,160.17155879,251.37250496,2.70058515,1.22814176,2.13926263
369.91900164,160.27951993,251.70319349,2.69946834,1.28042757,2.12946166
370.26897232,160.37236848,252.04018800,2.69830838,1.32158521,2.11937524
370.61894299,160.45357928,252.38210212,2.69710575,1.35178005,2.10910253
370.96891366,160.52662717,252.72754946,2.69586090,1.37125441,2.09874269
371.31888434,160.59498701,253.07514367,2.69457429,1.38022239,2.08839487
371.66885501,160.66213363,253.42349836,2.69324639,1.37880754,2.07815823
372.01882568,160.73154190,253.77122716,2.69187766,1.36701651,2.06813191
372.36879636,160.80668665,254.11694369,2.69046856,1.34474402,2.05841509
372.71876703,160.89104273,254.45926158,2.68901954,1.31180946,2.04910692
373.06873770,160.98808498,254.79679446,2.68753109,1.26802939,2.04030655
373.41870838,161.10107597,255.12828200,2.68600375,1.22397427,2.03211314
373.76867905,161.22023135,255.45977008,2.68443894,1.21932645,2.02462584
374.11864972,161.34912035,255.78800473,2.68283850,1.16559930,2.01794381
374.46862040,161.50241751,256.10287585,2.68120426,1.06107276,2.01216622
374.81859107,161.69434433,256.39460147,2.67953807,0.91988598,2.00739220
375.16856174,161.92303133,256.66263646,2.67784175,0.80890188,2.00372093
375.51853242,162.18115418,256.90412924,2.67611714,0.69441754,2.00125156
375.86850309,162.46479012,257.11280517,2.67436609,0.57248413,2.00008323
376.21847376,162.77052187,257.28175074,2.67259042,0.43622701,2.00000000
376.56844444,163.09495465,257.41105207,2.67079198,0.32914419,2.00000000
376.91841511,163.43180799,257.51245538,2.66897260,0.26235168,2.00000000
377.26838578,163.77461517,257.59824137,2.66713411,0.23444419,2.00000000
377.61835646,164.11690949,257.68069076,2.66527836,0.24471302,2.00000000
377.96832713,164.45687810,257.76342857,2.66340718,0.22961333,2.00000000
378.31829780,164.79812616,257.84012435,2.66152241,0.21290086,2.00000000
378.66826848,165.14052078,257.91147483,2.65962589,0.19835392,2.00000000
379.01823915,165.48390513,257.97822145,2.65771944,0.18597806,2.00000000
379.36820982,165.82812240,258.04110567,2.65580491,0.17577434,2.00000000
379.71818050,166.17301573,258.10086894,2.65388414,0.16774106,2.00000000
380.06815117,166.51842830,258.15825270,2.65195896,0.16187526,2.00000000
380.41812184,166.86420329,258.21399842,2.65003120,0.15817381,2.00000000
380.76809252,167.21018386,258.26884753,2.64810271,0.15663424,2.00000000
381.11806319,167.55621318,258.32354150,2.64617533,0.15725528,2.00000000
381.46803386,167.90213441,258.37882176,2.64425088,0.16003704,2.00000000
381.81800454,168.24779074,258.43542978,2.64233120,0.16498095,2.00000000
382.16797521,168.59302532,258.49410700,2.64041814,0.17208935,2.00000000
382.51794588,168.93768132,258.55559488,2.63851353,0.18136483,2.00000000
382.86791655,169.28160193,258.62063485,2.63661920,0.19280920,2.00000000
383.21788723,169.62488445,258.68881776,2.63473699,0.19614707,2.00000000
383.56785790,169.96825504,258.75685297,2.63286874,0.19517836,2.00000000
383.91782857,170.31171724,258.82468245,2.63101629,0.19489243,2.00000000
384.26779925,170.65521030,258.89253778,2.62918146,0.19528899,2.00000000
384.61776992,170.99867346,258.96065051,2.62736611,0.19636792,2.00000000
384.96774059,171.34204597,259.02925223,2.62557206,0.19812927,2.00000000
385.31771127,171.68526708,259.09857448,2.62380116,0.20057326,2.00000000
385.66768194,172.02827604,259.16884885,2.62205523,0.20370019,2.00000000
386.01765261,172.37101210,259.24030690,2.62033612,0.20751050,2.00000000
386.36762329,172.71341450,259.31318019,2.61864545,0.21200466,2.00000000
386.71759396,173.05542249,259.38770030,2.61698396,0.21718311,2.00000000
387.06756463,173.39697532,259.46409880,2.61535218,0.22304627,2.00000000
387.41753531,173.73801224,259.54260724,2.61375065,0.22959437,2.00000000
387.76750598,174.07847250,259.62345720,2.61217991,0.23682745,2.00000000
388.11747665,174.41829534,259.70688024,2.61064047,0.24474523,2.00000000
388.46744733,174.75742002,259.79310794,2.60913288,0.25334699,2.00000000
388.81741800,175.09578578,259.88237185,2.60765767,0.26263150,2.00000000
389.16738867,175.43337764,259.97453699,2.60621537,0.27018067,2.00000000
389.51735935,175.77025975,260.06911411,2.60480650,0.27714076,2.00000000
389.86733002,176.10647534,260.16595403,2.60343161,0.28366350,2.00000000
390.21730069,176.44206741,260.26490957,2.60209122,0.28974826,2.00000000
390.56727137,176.77707898,260.36583356,2.60078587,0.29539460,2.00000000
390.91724204,177.11155307,260.46857883,2.59951608,0.30060225,2.00000000
391.26721271,177.44553270,260.57299821,2.59828240,0.30537110,2.00000000
391.61718339,177.77906087,260.67894451,2.59708535,0.30970115,2.00000000
391.96715406,178.11218061,260.78627058,2.59592546,0.31359248,2.00000000
392.31712473,178.44493493,260.89482923,2.59480327,0.31704523,2.00000000
392.66709541,178.77736686,261.00447330,2.59371931,0.32005957,2.00000000
393.01706608,179.10951939,261.11505561,2.59267410,0.32263570,2.00000000
393.36703675,179.44143556,261.22642898,2.59166819,0.32477382,2.00000000
393.71700743,179.77315837,261.33844626,2.59070210,0.32647411,2.00000000
394.06697810,180.10473085,261.45096025,2.58977637,0.32773672,2.00000000
394.41694877,180.43619601,261.56382380,2.58889153,0.32856178,2.00000000
394.76691945,180.76759686,261.67688972,2.58804811,0.32894936,2.00000000
395.11689012,181.09897642,261.79001086,2.58724664,0.32889947,2.00000000
395.46686079,181.43037770,261.90304002,2.58648765,0.32841211,2.00000000
395.81683147,181.76184374,262.01583004,2.58577168,0.32748719,2.00000000
396.16680214,182.09341753,262.12823375,2.58509926,0.32612460,2.00000000
396.51677281,182.42514209,262.24010398,2.58447091,0.32432416,2.00000000
396.86674349,182.75706045,262.35129354,2.58388718,0.32208568,2.00000000
397.21671416,183.08921561,262.46165528,2.58334860,0.31940894,2.00000000
397.56668483,183.42159207,262.57124110,2.58285568,0.31855349,2.00000000
397.91665551,183.75390375,262.68102357,2.58240898,0.31958640,2.00000000
398.26662618,184.08610851,262.79114659,2.58200902,0.32059300,2.00000000
398.61659685,184.41820908,262.90160137,2.58165633,0.32157328,2.00000000
398.96656753,184.75020820,263.01237912,2.58135144,0.32252726,2.00000000
399.31653820,185.08210861,263.12347108,2.58109445,0.32345493,2.00000000
399.66650887,185.41391304,263.23486845,2.58088459,0.32435629,2.00000000
400.01647955,185.74562425,263.34656245,2.58072099,0.32523134,2.00000000
400.36645022,186.07724497,263.45854431,2.58060276,0.32608009,2.00000000
400.71642089,186.40877793,263.57080523,2.58052904,0.32690253,2.00000000
401.06639156,186.74022588,263.68333645,2.58049895,0.32769867,2.00000000
401.41636224,187.07159156,263.79612917,2.58051160,0.32846851,2.00000000
401.76633291,187.40287770,263.90917463,2.58056614,0.32921206,2.00000000
402.11630358,187.73408706,264.02246402,2.58066167,0.32992931,2.00000000
402.46627426,188.06522235,264.13598858,2.58079732,0.33062026,2.00000000
402.81624493,188.39628634,264.24973953,2.58097222,0.33128493,2.00000000
403.16621560,188.72728174,264.36370807,2.58118548,0.33192330,2.00000000
403.51618628,189.05821132,264.47788543,2.58143625,0.33253539,2.00000000
403.86615695,189.38907779,264.59226284,2.58172363,0.33312119,2.00000000
404.21612762,189.71988392,264.70683149,2.58204675,0.33368072,2.00000000
404.56609830,190.05063242,264.82158262,2.58240474,0.33421396,2.00000000
404.91606897,190.38132605,264.93650745,2.58279671,0.33472092,2.00000000
405.26603964,190.71196754,265.05159719,2.58322181,0.33520161,2.00000000
405.61601032,191.04255963,265.16684306,2.58367913,0.33565603,2.00000000
405.96598099,191.37310506,265.28223627,2.58416782,0.33608417,2.00000000
406.31595166,191.70360658,265.39776806,2.58468700,0.33648605,2.00000000
406.66592234,192.03406692,265.51342963,2.58523578,0.33686165,2.00000000
407.01589301,192.36448881,265.62921220,2.58581330,0.33721099,2.00000000
407.36586368,192.69487501,265.74510700,2.58641868,0.33753407,2.00000000
407.71583436,193.02522824,265.86110524,2.58705103,0.33783089,2.00000000
408.06580503,193.35555126,265.97719813,2.58770949,0.33810144,2.00000000
408.41577570,193.68584679,266.09337691,2.58839318,0.33834573,2.00000000
408.76574638,194.01611759,266.20963278,2.58910122,0.33856377,2.00000000
409.11571705,194.34636638,266.32595697,2.58983274,0.33875555,2.00000000
409.46568772,194.67659591,266.44234070,2.59058685,0.33892107,2.00000000
409.81565840,195.00680891,266.55877517,2.59136270,0.33906033,2.00000000
410.16562907,195.33700813,266.67525162,2.59215939,0.33917334,2.00000000
410.51559974,195.66719631,266.79176125,2.59297605,0.33926010,2.00000000
410.86557042,195.99737618,266.90829530,2.59381180,0.33932060,2.00000000
411.21554109,196.32755049,267.02484497,2.59466578,0.33935485,2.00000000
411.56551176,196.65772198,267.14140148,2.59553710,0.33936284,2.00000000
411.91548244,196.98789338,267.25795606,2.59642489,0.33934458,2.00000000
412.26545311,197.31806743,267.37449992,2.59732830,0.33930006,2.00000000
412.61542378,197.64824687,267.49102428,2.59824649,0.33922929,2.00000000
412.96539446,197.97843445,267.60752037,2.59917864,0.33913227,2.00000000
413.31536513,198.30863291,267.72397938,2.60012393,0.33900898,2.00000000
413.66533580,198.63884497,267.84039256,2.60108153,0.33885945,2.00000000
414.01530648,198.96907339,267.95675111,2.60205060,0.33868365,2.00000000
414.36527715,199.29932090,268.07304625,2.60303033,0.33848159,2.00000000
414.71524782,199.62959024,268.18926920,2.60401988,0.33825328,2.00000000
415.06521850,199.95988415,268.30541118,2.60501843,0.33799870,2.00000000
415.41518917,200.29020537,268.42146342,2.60602516,0.33771786,2.00000000
415.76515984,200.62055664,268.53741711,2.60703923,0.33741075,2.00000000
416.11513052,200.95094070,268.65326350,2.60805982,0.33707738,2.00000000
416.46510119,201.28136029,268.76899379,2.60908611,0.33671774,2.00000000
416.81507186,201.61181814,268.88459920,2.61011725,0.33633183,2.00000000
417.16504254,201.94231701,269.00007095,2.61115244,0.33591964,2.00000000
417.51501321,202.27285962,269.11540026,2.61219084,0.33548118,2.00000000
417.86498388,202.60344872,269.23057835,2.61323162,0.33501645,2.00000000
418.21495456,202.93408705,269.34559644,2.61427396,0.33452543,2.00000000
418.56492523,203.26477734,269.46044574,2.61531703,0.33400813,2.00000000
418.91489590,203.59552234,269.57511748,2.61636000,0.33346455,2.00000000
419.26486657,203.92632479,269.68960286,2.61740205,0.33289468,2.00000000
419.61483725,204.25718742,269.80389312,2.61844236,0.33229852,2.00000000
419.96480792,204.58811298,269.91797947,2.61948008,0.33167606,2.00000000
420.31477859,204.91910420,270.03185313,2.62051440,0.33102732,2.00000000
420.66474927,205.25016382,270.14550531,2.62154449,0.33035227,2.00000000
421.01471994,205.58129459,270.25892723,2.62256953,0.32965093,2.00000000
421.36469061,205.91249924,270.37211012,2.62358868,0.32892328,2.00000000
421.71466129,206.24378051,270.48504519,2.62460111,0.32816933,2.00000000
422.06463196,206.57514115,270.59772367,2.62560601,0.32738907,2.00000000
422.41460263,206.90658388,270.71013676,2.62660255,0.32658251,2.00000000
422.76457331,207.23811146,270.82227568,2.62758989,0.32574963,2.00000000
423.11454398,207.56972662,270.93413167,2.62856722,0.32489043,2.00000000
423.46451465,207.90143210,271.04569592,2.62953370,0.32400492,2.00000000
423.81448533,208.23323064,271.15695967,2.63048851,0.32309310,2.00000000
424.16445600,208.56512498,271.26791413,2.63143081,0.32215495,2.00000000
424.51442667,208.89711786,271.37855053,2.63235980,0.32119048,2.00000000
424.86439735,209.22921202,271.48886007,2.63327465,0.32019970,2.00000000
425.21436802,209.56141020,271.59883397,2.63417488,0.31918258,2.00000000
425.56433869,209.89371513,271.70846346,2.63506015,0.31813915,2.00000000
425.91430937,210.22612956,271.81773976,2.63593012,0.31706939,2.00000000
426.26428004,210.55865623,271.92665408,2.63678447,0.31597330,2.00000000
426.61425071,210.89129788,272.03519764,2.63762286,0.31485089,2.00000000
426.96422139,211.22405724,272.14336165,2.63844497,0.31370216,2.00000000
427.31419206,211.55693706,272.25113735,2.63925047,0.31252710,2.00000000
427.66416273,211.88994007,272.35851594,2.64003902,0.31132572,2.00000000
428.01413341,212.22306902,272.46548865,2.64081029,0.31009801,2.00000000
428.36410408,212.55632664,272.57204669,2.64156396,0.30884399,2.00000000
428.71407475,212.88971568,272.67818128,2.64229969,0.30756366,2.00000000
429.06404543,213.22323887,272.78388364,2.64301715,0.30625700,2.00000000
429.41401610,213.55689895,272.88914500,2.64371602,0.30492404,2.00000000
429.76398677,213.89069867,272.99395655,2.64439595,0.30356477,2.00000000
430.11395745,214.22464076,273.09830954,2.64505663,0.30217920,2.00000000
430.46392812,214.55872796,273.20219517,2.64569772,0.30076733,2.00000000
430.81389879,214.89296301,273.30560466,2.64631889,0.29932918,2.00000000
431.16386947,215.22734866,273.40852924,2.64691981,0.29786473,2.00000000
431.51384014,215.56188763,273.51096011,2.64750015,0.29637401,2.00000000
431.86381081,215.89658268,273.61288850,2.64805958,0.29485702,2.00000000
432.21378149,216.23143653,273.71430563,2.64859776,0.29331377,2.00000000
432.56375216,216.56645194,273.81520272,2.64911438,0.29174426,2.00000000
432.91372283,216.90163163,273.91557097,2.64960909,0.29014851,2.00000000
433.26369351,217.23697836,274.01540162,2.65008157,0.28852653,2.00000000
433.61366418,217.57249485,274.11468589,2.65053149,0.28687833,2.00000000
433.96363485,217.90818385,274.21341498,2.65095851,0.28520392,2.00000000
434.31360553,218.24404809,274.31158012,2.65136231,0.28350332,2.00000000
434.66357620,218.58009033,274.40917252,2.65174256,0.28177654,2.00000000
435.01354687,218.91631329,274.50618342,2.65209892,0.28002360,2.00000000
435.36351755,219.25271971,274.60260401,2.65243106,0.27824451,2.00000000
435.71348822,219.58931475,274.69847447,2.65273866,0.27766440,2.00000000
436.06345889,219.92622130,274.79484916,2.65302138,0.27877234,2.00000000
436.41342956,220.26365147,274.89090633,2.65327890,0.27510632,2.00000000
436.76340024,220.60180383,274.98496106,2.65351087,0.26666974,2.00000000
437.11337091,220.94087696,275.07532841,2.65371698,0.25344690,2.00000000
437.46334158,221.28106944,275.16032348,2.65389690,0.23540867,2.00000000
437.81331226,221.62257987,275.23826132,2.65405048,0.21252157,2.00000000
438.16328293,221.96560682,275.30745702,2.65417856,0.18476028,2.00000000
438.51325360,222.31034888,275.36622566,2.65428227,0.15212393,2.00000000
438.86322428,222.65700458,275.41288246,2.65436274,0.11473910,2.00000000
439.21319495,223.00534355,275.44739615,2.65442110,0.08311244,2.00000000
439.56316562,223.35480608,275.47124006,2.65445847,0.05346974,2.00000000
439.91313630,223.70507384,275.48507079,2.65447599,0.02578988,2.00000000
440.26310697,224.05582849,275.48954496,2.65447477,0.00004204,2.00000000
440.61307764,224.40675167,275.48531916,2.65445596,-0.02381105,2.00000000
440.96304832,224.75752505,275.47305001,2.65442067,-0.04581023,2.00000000
441.31301899,225.10783028,275.45339411,2.65437003,-0.06599749,2.00000000
441.66298966,225.45734901,275.42700807,2.65430518,-0.08441385,2.00000000
442.01296034,225.80592116,275.39431269,2.65422724,-0.10350705,2.00000000
442.36293101,226.15402399,275.35444225,2.65413734,-0.12466624,2.00000000
442.71290168,226.50144538,275.30707758,2.65403660,-0.14642855,2.00000000
443.06287236,226.84786266,275.25203495,2.65392616,-0.16882725,2.00000000
443.41284303,227.19295313,275.18913068,2.65380715,-0.19189498,2.00000000
443.76281370,227.53639413,275.11818105,2.65368068,-0.21566350,2.00000000
444.11278438,227.87786297,275.03900237,2.65354789,-0.24016340,2.00000000
444.46275505,228.21703697,274.95141093,2.65340991,-0.26542367,2.00000000
444.81272572,228.55356107,274.85507789,2.65326787,-0.29482789,2.00000000
445.16269640,228.88650954,274.74701656,2.65312289,-0.33216803,2.00000000
445.51266707,229.21566631,274.62717153,2.65297610,-0.36552116,2.00000000
445.86263774,229.54115202,274.49695990,2.65282863,-0.39492695,2.00000000
446.21260842,229.86308725,274.35779871,2.65268161,-0.42044510,2.00000000
446.56257909,230.18159264,274.21110506,2.65253616,-0.44214182,2.00000000
446.91254976,230.49678877,274.05829600,2.65239342,-0.46007868,2.00000000
447.26252044,230.80762262,273.89767021,2.65225451,-0.49292529,2.00000000
447.61249111,231.11354709,273.72778149,2.65212056,-0.51994088,2.00000000
447.96246178,231.41546258,273.55048080,2.65199269,-0.54106339,2.00000000
448.31243246,231.71426953,273.36761912,2.65187205,-0.55631142,2.00000000
448.66240313,232.01086837,273.18104745,2.65175974,-0.56570958,2.00000000
449.01237380,232.30615952,272.99261678,2.65165691,-0.56927279,2.00000000
449.36234448,232.60142445,272.80442299,2.65156468,-0.56328046,2.00000000
449.71231515,232.89832181,272.61774916,2.65148418,-0.56120874,2.00000000
450.06228582,233.19472824,272.42987207,2.65141653,-0.57057355,2.00000000
450.41225650,233.48806706,272.23767273,2.65136287,-0.59141187,2.00000000
450.76222717,233.77576157,272.03803220,2.65132417,-0.62381689,2.00000000
451.11219784,234.05523507,271.82783150,2.65130108,-0.66785543,2.00000000
451.46216852,234.32397131,271.60403453,2.65129416,-0.71914733,2.00000000
451.81213919,234.58398399,271.36975517,2.65130399,-0.74729061,2.00000000
452.16210986,234.83764048,271.12840632,2.65133116,-0.77345689,2.00000000
452.51208054,235.08528950,270.88059832,2.65137624,-0.79765079,2.00000000
452.86205121,235.32727971,270.62694146,2.65143981,-0.81988588,2.00000000
453.21202188,235.56395982,270.36804608,2.65152244,-0.84018188,2.00000000
453.56199256,235.79567852,270.10452249,2.65162472,-0.85856205,2.00000000
453.91196323,236.02278449,269.83698101,2.65174723,-0.87505098,2.00000000
454.26193390,236.24562642,269.56603195,2.65189053,-0.88967260,2.00000000
454.61190457,236.46455300,269.29228563,2.65205522,-0.90244854,2.00000000
454.96187525,236.67984000,269.01615861,2.65224186,-0.91610618,2.00000000
455.31184592,236.89061687,268.73608709,2.65245104,-0.93572897,2.00000000
455.66181659,237.09556268,268.45134789,2.65268333,-0.95868376,2.00000000
456.01178727,237.29343617,268.16163454,2.65293932,-0.98503486,2.00000000
456.36175794,237.48299606,267.86664054,2.65321957,-1.01484840,2.00000000
456.71172861,237.66300107,267.56605942,2.65352467,-1.04818323,2.00000000
457.06169929,237.83220994,267.25958470,2.65385520,-1.08507995,2.00000000
457.41166996,237.98993522,266.94711478,2.65421173,-1.11992120,2.00000000
457.76164063,238.13763041,266.62946426,2.65459484,-1.15097254,2.00000000
458.11161131,238.27573616,266.30722126,2.65500512,-1.18058921,2.00000000
458.46158198,238.40454374,265.98092487,2.65544313,-1.20881860,2.00000000
458.81155265,238.52434443,265.65111415,2.65590946,-1.23571260,2.00000000
459.16152333,238.63542951,265.31832818,2.65640468,-1.26132607,2.00000000
459.51149400,238.73809024,264.98310602,2.65692937,-1.28571548,2.00000000
459.86146467,238.83248355,264.64594222,2.65748412,-1.31242788,2.00000000
460.21143535,238.91582282,264.30621813,2.65806949,-1.34713529,2.00000000
460.56140602,238.98826680,263.96393610,2.65868607,-1.37640116,2.00000000
460.91137669,239.05164973,263.61959957,2.65933444,-1.40020950,2.00000000
461.26134737,239.10780582,263.27371195,2.66001516,-1.41857805,2.00000000
461.61131804,239.15856932,262.92677668,2.66072883,-1.43153707,2.00000000
461.96128871,239.20577446,262.57929719,2.66147602,-1.43911311,2.00000000
462.31125939,239.25125547,262.23177689,2.66225730,-1.44131786,2.00000000
462.66123006,239.29666631,261.88465402,2.66307326,-1.44118697,2.00000000
463.01120073,239.34130881,261.53756279,2.66392448,-1.44455389,2.00000000
463.36117141,239.38479938,261.19034458,2.66481149,-1.44780954,2.00000000
463.71114208,239.42717685,260.84300363,2.66573357,-1.45095380,2.00000000
464.06111275,239.46848007,260.49554418,2.66668832,-1.45398660,2.00000000
464.41108343,239.50874787,260.14797049,2.66767326,-1.45690785,2.00000000
464.76105410,239.54801911,259.80028680,2.66868588,-1.45971750,2.00000000
465.11102477,239.58633263,259.45249734,2.66972369,-1.46241549,2.00000000
465.46099545,239.62372726,259.10460636,2.67078418,-1.46500179,2.00000000
465.81096612,239.66024184,258.75661811,2.67186486,-1.46747636,2.00000000
466.16093679,239.69591523,258.40853683,2.67296322,-1.46983919,2.00000000
466.51090747,239.73078627,258.06036676,2.67407677,-1.47209026,2.00000000
466.86087814,239.76489379,257.71211215,2.67520301,-1.47422955,2.00000000
467.21084881,239.79827663,257.36377724,2.67633944,-1.47625707,2.00000000
467.56081949,239.83097365,257.01536627,2.67748357,-1.47817282,2.00000000
467.91079016,239.86302368,256.66688349,2.67863289,-1.47997681,2.00000000
468.26076083,239.89446556,256.31833314,2.67978490,-1.48166904,2.00000000
468.61073151,239.92533814,255.96971947,2.68093711,-1.48324953,2.00000000
468.96070218,239.95568026,255.62104671,2.68208702,-1.48471830,2.00000000
469.31067285,239.98553076,255.27231912,2.68323212,-1.48607535,2.00000000
469.66064353,240.01492849,254.92354093,2.68436993,-1.48732071,2.00000000
470.01061420,240.04391228,254.57471639,2.68549793,-1.48845440,2.00000000
470.36058487,240.07252098,254.22584974,2.68661364,-1.48947643,2.00000000
470.71055555,240.10079343,253.87694523,2.68771456,-1.49038682,2.00000000
471.06052622,240.12876848,253.52800710,2.68879817,-1.49118558,2.00000000
471.41049689,240.15648496,253.17903959,2.68986200,-1.49187274,2.00000000
471.76046756,240.18398171,252.83004695,2.69090353,-1.49244831,2.00000000
472.11043824,240.21129759,252.48103342,2.69192027,-1.49291229,2.00000000
472.46040891,240.23847143,252.13200324,2.69290972,-1.49326470,2.00000000
472.81037958,240.26554207,251.78296066,2.69386938,-1.49350555,2.00000000
473.16035026,240.29254836,251.43390993,2.69479675,-1.49363484,2.00000000
473.51032093,240.31952914,251.08485528,2.69568934,-1.49365258,2.00000000
473.86029160,240.34652325,250.73580096,2.69654464,-1.49355876,2.00000000
474.21026228,240.37356954,250.38675121,2.69736016,-1.49335340,2.00000000
474.56023295,240.40070683,250.03771027,2.69813339,-1.49303647,2.00000000
474.91020362,240.42797399,249.68868240,2.69886185,-1.49260799,2.00000000
475.26017430,240.45540985,249.33967183,2.69954302,-1.49206794,2.00000000
475.61014497,240.48305325,248.99068280,2.70017442,-1.49141631,2.00000000
475.96011564,240.51094304,248.64171957,2.70075353,-1.49065309,2.00000000
476.31008632,240.53911805,248.29278637,2.70127791,-1.48977827,2.00000000
476.66005699,240.56761713,247.94388745,2.70174559,-1.48879183,2.00000000
477.01002766,240.59647912,247.59502705,2.70215496,-1.48769376,2.00000000
477.35999834,240.62574287,247.24620942,2.70250442,-1.48648404,2.00000000
477.70996901,240.65544722,246.89743879,2.70279236,-1.48516266,2.00000000
478.05993968,240.68563100,246.54871942,2.70301718,-1.48372960,2.00000000
478.40991036,240.71633306,246.20005554,2.70317728,-1.48218484,2.00000000
478.75988103,240.74759225,245.85145140,2.70327106,-1.48052838,2.00000000
479.10985170,240.77944740,245.50291124,2.70329691,-1.47876021,2.00000000
479.45982238,240.81193736,245.15443932,2.70325323,-1.47688031,2.00000000
479.80979305,240.84510083,244.80603979,2.70313842,-1.47490108,2.00000000
480.15976372,240.87892999,244.45769868,2.70295087,-1.47307908,2.00000000
480.50973440,240.91338462,244.10940201,2.70268898,-1.47131907,2.00000000
480.85970507,240.94844313,243.76114828,2.70235115,-1.46962106,2.00000000
481.20967574,240.98408393,243.41293599,2.70193578,-1.46798502,2.00000000
481.55964642,241.02028542,243.06476367,2.70144127,-1.46641095,2.00000000
481.90961709,241.05702601,242.71662981,2.70086600,-1.46489884,2.00000000
482.25958776,241.09428410,242.36853292,2.70020838,-1.46344868,2.00000000
482.60955844,241.13203810,242.02047153,2.69946681,-1.46206045,2.00000000
482.95952911,241.17026640,241.67244412,2.69863968,-1.46073413,2.00000000
483.30949978,241.20894742,241.32444921,2.69772539,-1.45946972,2.00000000
483.65947046,241.24805956,240.97648532,2.69672233,-1.45826719,2.00000000
484.00944113,241.28758122,240.62855094,2.69562892,-1.45712654,2.00000000
484.35941180,241.32749080,240.28064460,2.69444353,-1.45604774,2.00000000
484.70938248,241.36776672,239.93276479,2.69316457,-1.45503079,2.00000000
485.05935315,241.40838737,239.58491002,2.69179043,-1.45407566,2.00000000
485.40932382,241.44933116,239.23707881,2.69031952,-1.45318235,2.00000000
485.75929450,241.49057650,238.88926965,2.68875023,-1.45235084,2.00000000
486.10926517,241.53210179,238.54148107,2.68708096,-1.45158111,2.00000000
486.45923584,241.57388543,238.19371157,2.68531010,-1.45087316,2.00000000
486.80920652,241.61590582,237.84595966,2.68343606,-1.45022697,2.00000000
487.15917719,241.65814138,237.49822385,2.68145722,-1.44964253,2.00000000
487.50914786,241.70057051,237.15050264,2.67937199,-1.44911983,2.00000000
487.85911854,241.74317160,236.80279454,2.67717877,-1.44865886,2.00000000
488.20908921,241.78592308,236.45509807,2.67487594,-1.44825962,2.00000000
488.55905988,241.82880333,236.10741173,2.67246191,-1.44792209,2.00000000
488.90903056,241.87179076,235.75973403,2.66993508,-1.44764627,2.00000000
489.25900123,241.91486378,235.41206348,2.66729433,-1.44743216,2.00000000
489.60897190,241.95800080,235.06439859,2.66454147,-1.44727974,2.00000000
489.95894257,242.00118021,234.71673786,2.66167939,-1.44718903,2.00000000
490.30891325,242.04438042,234.36907981,2.65871100,-1.44716001,2.00000000
490.65888392,242.08757984,234.02142294,2.65563917,-1.44719270,2.00000000
491.00885459,242.13075687,233.67376576,2.65246683,-1.44728708,2.00000000
491.35882527,242.17388991,233.32610679,2.64919684,-1.44744316,2.00000000
491.70879594,242.21695738,232.97844452,2.64583213,-1.44766095,2.00000000
492.05876661,242.25993766,232.63077748,2.64237557,-1.44794045,2.00000000
492.40873729,242.30280918,232.28310416,2.63883006,-1.44828167,2.00000000
492.75870796,242.34555032,231.93542307,2.63519851,-1.44868461,2.00000000
493.10867863,242.38813950,231.58773273,2.63148380,-1.44914928,2.00000000
493.45864931,242.43055512,231.24003164,2.62768884,-1.44967570,2.00000000
493.80861998,242.47277559,230.89231832,2.62381651,-1.45026387,2.00000000
494.15859065,242.51477931,230.54459127,2.61986972,-1.45091380,2.00000000
494.50856133,242.55654468,230.19684899,2.61585135,-1.45162551,2.00000000
494.85853200,242.59805011,229.84909000,2.61176432,-1.45239901,2.00000000
495.20850267,242.63927400,229.50131281,2.60761150,-1.45323431,2.00000000
495.55847335,242.68019476,229.15351593,2.60339580,-1.45413144,2.00000000
495.90844402,242.72079079,228.80569785,2.59912011,-1.45509039,2.00000000
496.25841469,242.76104050,228.45785710,2.59478734,-1.45611120,2.00000000
496.60838537,242.80092228,228.10999218,2.59040036,-1.45719387,2.00000000
496.95835604,242.84041455,227.76210161,2.58596209,-1.45833843,2.00000000
497.30832671,242.87949571,227.41418388,2.58147541,-1.45954488,2.00000000
497.65829739,242.91814416,227.06623750,2.57694322,-1.46081325,2.00000000
498.00826806,242.95633831,226.71826099,2.57236843,-1.46214355,2.00000000
498.35823873,242.99405657,226.37025286,2.56775391,-1.46353579,2.00000000
498.70820941,243.03127733,226.02221161,2.56310257,-1.46499000,2.00000000
499.05818008,243.06797899,225.67413575,2.55841731,-1.46650619,2.00000000
499.40815075,243.10413998,225.32602380,2.55370102,-1.46808436,2.00000000
499.75812143,243.13973868,224.97787425,2.54895660,-1.46972454,2.00000000
500.10809210,243.17475351,224.62968562,2.54418694,-1.47142674,2.00000000
500.45806277,243.20916287,224.28145641,2.53939493,-1.47319096,2.00000000
500.80803345,243.24294516,223.93318514,2.53458348,-1.47501722,2.00000000
501.15800412,243.27607878,223.58487032,2.52975548,-1.47690552,2.00000000
501.50797479,243.30854215,223.23651045,2.52491383,-1.47885587,2.00000000
501.85794547,243.34031366,222.88810404,2.52006141,-1.48086827,2.00000000
502.20791614,243.37137173,222.53964960,2.51520125,-1.48294273,2.00000000
502.55788681,243.40169475,222.19114563,2.51033670,-1.48507923,2.00000000
502.90785749,243.43126112,221.84259066,2.50547116,-1.48727778,2.00000000
503.25782816,243.46004926,221.49398318,2.50060806,-1.48953836,2.00000000
503.60779883,243.48803757,221.14532170,2.49575081,-1.49186098,2.00000000
503.95776951,243.51520445,220.79660474,2.49090283,-1.49424560,2.00000000
504.30774018,243.54152831,220.44783080,2.48606753,-1.49669222,2.00000000
504.65771085,243.56698754,220.09899839,2.48124833,-1.49920081,2.00000000
505.00768153,243.59156057,219.75010602,2.47644864,-1.50177134,2.00000000
505.35765220,243.61522578,219.40115220,2.47167188,-1.50440379,2.00000000
505.70762287,243.63796159,219.05213543,2.46692147,-1.50709810,2.00000000
506.05759355,243.65974639,218.70305423,2.46220082,-1.50985425,2.00000000
506.40756422,243.68055860,218.35390711,2.45751334,-1.51267218,2.00000000
506.75753489,243.70037661,218.00469256,2.45286246,-1.51555184,2.00000000
507.10750557,243.71917884,217.65540911,2.44825158,-1.51849317,2.00000000
507.45747624,243.73694368,217.30605526,2.44368412,-1.52149611,2.00000000
507.80744691,243.75364954,216.95662952,2.43916351,-1.52456057,2.00000000
508.15741758,243.76927483,216.60713039,2.43469315,-1.52768648,2.00000000
508.50738826,243.78379794,216.25755639,2.43027646,-1.53087374,2.00000000
508.85735893,243.79719729,215.90790602,2.42591685,-1.53412228,2.00000000
509.20732960,243.80945128,215.55817780,2.42161775,-1.53743196,2.00000000
509.55730028,243.82017721,215.20810874,2.41738256,-1.54397736,2.00000000
509.90727095,243.82763874,214.85737442,2.41321470,-1.55592353,2.00000000
510.25724162,243.83001293,214.50636282,2.40911760,-1.57299989,2.00000000
510.60721230,243.82548778,214.15548148,2.40509465,-1.59525476,2.00000000
510.95718297,243.81225133,213.80513795,2.40114929,-1.62274748,2.00000000
511.30715364,243.78849160,213.45573977,2.39728492,-1.65553058,2.00000000
511.65712432,243.75239661,213.10769449,2.39350496,-1.69362686,2.00000000
512.00709499,243.70200234,212.76143674,2.38981282,-1.73980548,2.00000000
512.35706566,243.63411772,212.41782373,2.38621193,-1.79100240,2.00000000
512.70703634,243.54950966,212.07747127,2.38270570,-1.83703572,2.00000000
513.05700701,243.45009344,211.74085038,2.37929753,-1.87808588,2.00000000
513.40697768,243.33778436,211.40843213,2.37599086,-1.91436498,2.00000000
513.75694836,243.21479215,211.08033793,2.37278909,-1.93859497,2.00000018
514.10691903,243.08542618,210.75273389,2.36969564,-1.95945088,2.00000358
514.45688970,242.94487412,210.42924521,2.36671392,-2.00631510,2.00001128
514.80686038,242.78576340,210.11609264,2.36384734,-2.08013286,2.00002326
515.15683105,242.60072143,209.81949691,2.36109791,-2.18174387,2.00003950
515.50680172,242.38281137,209.54664007,2.35846557,-2.30934345,2.00005998
515.85677240,242.13397064,209.30136066,2.35595007,-2.41093579,2.00008470
516.20674307,241.86415378,209.07599246,2.35355115,-2.47411880,2.00011363
516.55671374,241.58358873,208.86206689,2.35126855,-2.50006580,2.00014676
516.90668442,241.30248231,208.65113260,2.34910203,-2.49210152,2.00018407
517.25665509,241.02148745,208.44251829,2.34705132,-2.51347804,2.00022554
517.60662576,240.73626074,208.23962321,2.34511617,-2.53275521,2.00027117
517.95659644,240.44730079,208.04190431,2.34329633,-2.54993512,2.00032092
518.30656711,240.15510624,207.84881855,2.34159154,-2.56502468,2.00037479
518.65653778,239.86017570,207.65982291,2.34000155,-2.57803341,2.00043276
519.00650846,239.56300782,207.47437433,2.33852611,-2.58897143,2.00049481
519.35647913,239.26410121,207.29192978,2.33716496,-2.59784782,2.00056093
519.70644980,238.96400355,207.11180521,2.33591784,-2.60294036,2.00063110
520.05642048,238.66337964,206.93266556,2.33478451,-2.60544790,2.00070531
520.40639115,238.36232754,206.75428131,2.33376470,-2.60790194,2.00078353
520.75636182,238.06085650,206.57663609,2.33285816,-2.61030245,2.00086575
521.10633250,237.75897577,206.39971350,2.33206465,-2.61264937,2.00095196
521.45630317,237.45669463,206.22349717,2.33138389,-2.61494268,2.00104213
521.80627384,237.15402231,206.04797074,2.33081565,-2.61718234,2.00113626
522.15624452,236.85096808,205.87311781,2.33035966,-2.61936831,2.00123433
522.50621519,236.54754118,205.69892201,2.33001567,-2.62150058,2.00133631
522.85618586,236.24375089,205.52536696,2.32978343,-2.62357912,2.00144219
523.20615654,235.93960644,205.35243628,2.32966268,-2.62560391,2.00155196
523.55612721,235.63511711,205.18011360,2.32965317,-2.62757492,2.00166561
523.90609788,235.33029214,205.00838254,2.32975464,-2.62949216,2.00178310
524.25606856,235.02514079,204.83722672,2.32996683,-2.63135559,2.00190443
524.60603923,234.71967231,204.66662976,2.33028951,-2.63316522,2.00202959
524.95600990,234.41389597,204.49657529,2.33072240,-2.63492103,2.00215855
525.30598057,234.10782101,204.32704692,2.33126526,-2.63662302,2.00229129
525.65595125,233.80145669,204.15802828,2.33191783,-2.63827118,2.00242781
526.00592192,233.49481227,203.98950299,2.33267985,-2.63986551,2.00256808
526.35589259,233.18789701,203.82145467,2.33355108,-2.64140601,2.00271210
526.70586327,232.88072015,203.65386695,2.33453126,-2.64289267,2.00285983
527.05583394,232.57329096,203.48672344,2.33562012,-2.64432551,2.00301128
527.40580461,232.26561869,203.32000777,2.33681743,-2.64570451,2.00316641
527.75577529,231.95771260,203.15370356,2.33812287,-2.64702969,2.00332521
528.10574596,231.64958194,202.98779443,2.33953509,-2.64830105,2.00348768
528.45571663,231.34123596,202.82226401,2.34105194,-2.64951860,2.00365378
528.80568731,231.03268393,202.65709592,2.34267118,-2.65068233,2.00382351
529.15565798,230.72393510,202.49227377,2.34439062,-2.65179225,2.00399684
529.50562865,230.41499872,202.32778119,2.34620805,-2.65284838,2.00417377
529.85559933,230.10588406,202.16360181,2.34812125,-2.65385072,2.00435427
530.20557000,229.79660036,201.99971924,2.35012802,-2.65479927,2.00453833
530.55554067,229.48715688,201.83611711,2.35222614,-2.65569404,2.00472594
530.90551135,229.17756288,201.67277904,2.35441342,-2.65653504,2.00491707
531.25548202,228.86782761,201.50968865,2.35668763,-2.65732228,2.00511171
531.60545269,228.55796033,201.34682956,2.35904657,-2.65805576,2.00530984
531.95542337,228.24797030,201.18418539,2.36148803,-2.65873549,2.00551146
532.30539404,227.93786677,201.02173977,2.36400980,-2.65936147,2.00571653
532.65536471,227.62765899,200.85947633,2.36660967,-2.65993372,2.00592504
533.00533539,227.31735622,200.69737867,2.36928544,-2.66045224,2.00613699
533.35530606,227.00696772,200.53543042,2.37203488,-2.66091704,2.00635234
533.70527673,226.69650275,200.37361522,2.37485580,-2.66132811,2.00657109
534.05524741,226.38597055,200.21191666,2.37774598,-2.66168548,2.00679322
534.40521808,226.07538039,200.05031839,2.38070322,-2.66198913,2.00701871
534.75518875,225.76474151,199.88880402,2.38372531,-2.66223907,2.00724755
535.10515943,225.45406319,199.72735717,2.38681002,-2.66243531,2.00747972
535.45513010,225.14335466,199.56596147,2.38995517,-2.66257786,2.00771520
535.80510077,224.83262519,199.40460053,2.39315853,-2.66266670,2.00795398
536.15507145,224.52188404,199.24325799,2.39641790,-2.66270185,2.00819604
536.50504212,224.21114045,199.08191745,2.39973107,-2.66268330,2.00844136
536.85501279,223.90040369,198.92056255,2.40309583,-2.66261105,2.00868993
537.20498347,223.58968300,198.75917691,2.40650997,-2.66248511,2.00894173
537.55495414,223.27898766,198.59774414,2.40997128,-2.66230548,2.00919675
537.90492481,222.96832690,198.43624787,2.41347755,-2.66207214,2.00945497
538.25489549,222.65770999,198.27467173,2.41702657,-2.66178511,2.00971636
538.60486616,222.34714618,198.11299933,2.42061614,-2.66144437,2.00998093
538.95483683,222.03664474,197.95121429,2.42424404,-2.66104992,2.01024864
539.30480751,221.72621490,197.78930024,2.42790806,-2.66060177,2.01051949
539.65477818,221.41586594,197.62724080,2.43160600,-2.66009990,2.01079345
540.00474885,221.10560710,197.46501960,2.43533564,-2.65954432,2.01107051
540.35471953,220.79544764,197.30262024,2.43909478,-2.65893501,2.01135066
540.70469020,220.48539682,197.14002637,2.44288125,-2.65827197,2.01163388
541.05466087,220.17546389,196.97722159,2.44669321,-2.65755520,2.01192014
541.40463155,219.86565811,196.81418953,2.45052898,-2.65678468,2.01220944
541.75460222,219.55598873,196.65091381,2.45438685,-2.65596042,2.01250176
542.10457289,219.24646501,196.48737806,2.45826515,-2.65508241,2.01279709
542.45454357,218.93709621,196.32356589,2.46216219,-2.65415064,2.01309540
542.80451424,218.62789157,196.15946094,2.46607626,-2.65316511,2.01339667
543.15448491,218.31886037,195.99504681,2.47000569,-2.65212580,2.01370090
543.50445558,218.01001184,195.83030714,2.47394877,-2.65103272,2.01400807
543.85442626,217.70135526,195.66522554,2.47790383,-2.64988586,2.01431816
544.20439693,217.39289987,195.49978563,2.48186917,-2.64868521,2.01463115
544.55436760,217.08465492,195.33397105,2.48584310,-2.64743077,2.01494703
544.90433828,216.77662969,195.16776540,2.48982393,-2.64612253,2.01526578
545.25430895,216.46883341,195.00115232,2.49380997,-2.64476050,2.01558738
545.60427962,216.16127535,194.83411542,2.49779954,-2.64334466,2.01591183
545.95425030,215.85396476,194.66663833,2.50179093,-2.64187503,2.01623909
546.30422097,215.54691090,194.49870467,2.50578246,-2.64035159,2.01656916
546.65419164,215.24010415,194.33033132,2.50977245,-2.63924289,2.01690202
547.00416232,214.93342091,194.16173621,2.51375919,-2.63866277,2.01723765
547.35413299,214.62683469,193.99296612,2.51774100,-2.63809943,2.01757604
547.70410366,214.32034265,193.82402617,2.52171619,-2.63755287,2.01791717
548.05407434,214.01394195,193.65492151,2.52568307,-2.63702309,2.01826103
548.40404501,213.70762973,193.48565726,2.52963995,-2.63651009,2.01860759
548.75401568,213.40140314,193.31623856,2.53358514,-2.63601387,2.01895684
549.10398636,213.09525933,193.14667056,2.53751695,-2.63553444,2.01930877
549.45395703,212.78919546,192.97695838,2.54143369,-2.63507178,2.01966335
549.80392770,212.48320867,192.80710716,2.54533366,-2.63462590,2.02002058
550.15389838,212.17729611,192.63712203,2.54921519,-2.63419681,2.02038043
550.50386905,211.87145494,192.46700814,2.55307657,-2.63378450,2.02074289
550.85383972,211.56568230,192.29677061,2.55691612,-2.63338897,2.02110795
551.20381040,211.25997535,192.12641458,2.56073215,-2.63301022,2.02147558
551.55378107,210.95433124,191.95594519,2.56452296,-2.63264826,2.02184577
551.90375174,210.64874711,191.78536757,2.56828687,-2.63230308,2.02221850
552.25372242,210.34322013,191.61468686,2.57202219,-2.63197468,2.02259376
552.60369309,210.03774743,191.44390820,2.57572723,-2.63166306,2.02297153
552.95366376,209.73232617,191.27303671,2.57940029,-2.63136822,2.02335180
553.30363444,209.42695349,191.10207754,2.58303969,-2.63109016,2.02373454
553.65360511,209.12162656,190.93103581,2.58664387,-2.63082889,2.02411975
554.00357578,208.81634252,190.75991667,2.59021169,-2.63058440,2.02450740
554.35354646,208.51109852,190.58872525,2.59374215,-2.63035669,2.02489748
554.70351713,208.20589172,190.41746669,2.59723424,-2.63014576,2.02528998
555.05348780,207.90071925,190.24614612,2.60068693,-2.62995162,2.02568487
555.40345848,207.59557828,190.07476867,2.60409921,-2.62977425,2.02608214
555.75342915,207.29046595,189.90333949,2.60747007,-2.62961367,2.02648177
556.10339982,206.98537942,189.73186370,2.61079849,-2.62946987,2.02688375
556.45337050,206.68031583,189.56034645,2.61408345,-2.62934284,2.02728806
556.80334117,206.37527233,189.38879286,2.61732395,-2.62923260,2.02769469
557.15331184,206.07024608,189.21720808,2.62051895,-2.62913915,2.02810361
557.50328252,205.76523423,189.04559724,2.62366746,-2.62906247,2.02851481
557.85325319,205.46023392,188.87396548,2.62676844,-2.62900257,2.02892829
558.20322386,205.15524231,188.70231792,2.62982089,-2.62895945,2.02934400
558.55319454,204.85025655,188.53065971,2.63282380,-2.62893312,2.02976196
558.90316521,204.54527379,188.35899598,2.63577613,-2.62892356,2.03018212
559.25313588,204.24029118,188.18733186,2.63867689,-2.62893079,2.03060449
559.60310656,203.93530587,188.01567250,2.64152506,-2.62895480,2.03102904
559.95307723,203.63031500,187.84402303,2.64431961,-2.62899558,2.03145576
560.30304790,203.32531574,187.67238857,2.64705953,-2.62905315,2.03188463
560.65301857,203.02030523,187.50077428,2.64974382,-2.62912750,2.03231563
561.00298925,202.71528062,187.32918528,2.65237144,-2.62921863,2.03274875
561.35295992,202.41023907,187.15762671,2.65494139,-2.62932654,2.03318397
561.70293059,202.10517771,186.98610370,2.65745265,-2.62945124,2.03362128
562.05290127,201.80009371,186.81462139,2.65990421,-2.62959271,2.03406065
562.40287194,201.49498422,186.64318492,2.66229505,-2.62975096,2.03450208
562.75284261,201.18984638,186.47179942,2.66462415,-2.62992600,2.03494555
563.10281329,200.88467734,186.30047002,2.66689050,-2.63011782,2.03539103
563.45278396,200.57947427,186.12920187,2.66909308,-2.63032641,2.03583852
563.80275463,200.27423429,185.95800009,2.67123088,-2.63055179,2.03628799
564.15272531,199.96895458,185.78686983,2.67330288,-2.63079395,2.03673943
564.50269598,199.66363227,185.61581621,2.67530807,-2.63105290,2.03719283
564.85266665,199.35826452,185.44484438,2.67724543,-2.63132862,2.03764817
565.20263733,199.05284848,185.27395946,2.67911394,-2.63162113,2.03810543
565.55260800,198.74738130,185.10316660,2.68091260,-2.63193041,2.03856459
565.90257867,198.44186013,184.93247093,2.68264038,-2.63225648,2.03902564
566.25254935,198.13628212,184.76187758,2.68429627,-2.63259933,2.03948856
566.60252002,197.83064442,184.59139170,2.68587970,-2.63295897,2.03995334
566.95249069,197.52494418,184.42101841,2.68739094,-2.63333538,2.04041996
567.30246137,197.21917856,184.25076285,2.68883033,-2.63372858,2.04088840
567.65243204,196.91334469,184.08063015,2.69019821,-2.63413855,2.04135865
568.00240271,196.60743975,183.91062546,2.69149494,-2.63456531,2.04183069
568.35237339,196.30146086,183.74075391,2.69272085,-2.63500885,2.04230450
568.70234406,195.99540163,183.57102706,2.69387630,-2.63559951,2.04278007
569.05231473,195.68921253,183.40153422,2.69496163,-2.63643817,2.04325738
569.40228541,195.38288563,183.23228977,2.69597718,-2.63722279,2.04373642
569.75225608,195.07643010,183.06327716,2.69692331,-2.63795337,2.04421716
570.10222675,194.76985514,182.89447988,2.69780036,-2.63862990,2.04469960
570.45219743,194.46316992,182.72588137,2.69860868,-2.63925240,2.04518371
570.80216810,194.15638363,182.55746513,2.69934861,-2.63982085,2.04566948
571.15213877,193.84950545,182.38921460,2.70002050,-2.64033527,2.04615690
571.50210945,193.54254458,182.22111327,2.70062470,-2.64079564,2.04664594
571.85208012,193.23551018,182.05314459,2.70116155,-2.64120198,2.04713659
572.20205079,192.92841146,181.88529203,2.70163140,-2.64155428,2.04762883
572.55202147,192.62125759,181.71753907,2.70203459,-2.64185253,2.04812266
572.90199214,192.31405776,181.54986917,2.70237148,-2.64209676,2.04861804
573.25196281,192.00682114,181.38226580,2.70264240,-2.64228694,2.04911497
573.60193349,191.69955694,181.21471242,2.70284771,-2.64242309,2.04961342
573.95190416,191.39227433,181.04719251,2.70298775,-2.64250520,2.05011339
574.30187483,191.08498249,180.87968953,2.70306287,-2.64253328,2.05061486
574.65184551,190.77769061,180.71218696,2.70307341,-2.64250732,2.05111780
575.00181618,190.47040788,180.54466824,2.70301972,-2.64242732,2.05162221
575.35178685,190.16314347,180.37711687,2.70290215,-2.64229329,2.05212806
575.70175753,189.85590658,180.20951630,2.70272104,-2.64210522,2.05263534
576.05172820,189.54870639,180.04185000,2.70247675,-2.64186311,2.05314404
576.40169887,189.24155208,179.87410144,2.70216960,-2.64156697,2.05365413
576.75166955,188.93445284,179.70625408,2.70179997,-2.64121678,2.05416561
577.10164022,188.62741785,179.53829140,2.70136818,-2.64081256,2.05467844
577.45161089,188.32045629,179.37019687,2.70087458,-2.64035430,2.05519263
577.80158157,188.01357736,179.20195394,2.70031953,-2.63984199,2.05570815
578.15155224,187.70679024,179.03354610,2.69970337,-2.63927565,2.05622498
578.50152291,187.40010410,178.86495680,2.69902644,-2.63865526,2.05674312
578.85149358,187.09352814,178.69616951,2.69828909,-2.63798083,2.05726253
579.20146426,186.78707153,178.52716771,2.69749171,-2.63725235,2.05778322
579.55143493,186.48074347,178.35793486,2.69663549,-2.63646983,2.05830515
579.90140560,186.17455314,178.18845442,2.69572246,-2.63563327,2.05882832
580.25137628,185.86850972,178.01870987,2.69475467,-2.63474267,2.05935270
580.60134695,185.56262240,177.84868468,2.69373418,-2.63379803,2.05987828
580.95131762,185.25690036,177.67836230,2.69266305,-2.63279934,2.06040505
581.30128830,184.95135279,177.50772622,2.69154333,-2.63174662,2.06093299
581.65125897,184.64598887,177.33675989,2.69037708,-2.63063986,2.06146207
582.00122964,184.34081778,177.16544679,2.68916637,-2.62947908,2.06199230
582.35120032,184.03584000,176.99378464,2.68791323,-2.62885547,2.06252364
582.70117099,183.73065770,176.82242322,2.68661974,-2.63097026,2.06305608
583.05114166,183.42512517,176.65160236,2.68528794,-2.63252827,2.06358962
583.40111234,183.11934495,176.48115630,2.68391991,-2.63352980,2.06412422
583.75108301,182.81341959,176.31091926,2.68251768,-2.63397506,2.06465987
584.10105368,182.50745163,176.14072551,2.68108332,-2.63386417,2.06519656
584.45102436,182.20154362,175.97040928,2.67961889,-2.63319720,2.06573427
584.80099503,181.89579809,175.79980482,2.67812644,-2.63197410,2.06627299
585.15096570,181.59031760,175.62874636,2.67660804,-2.63019475,2.06681269
585.50093638,181.28520468,175.45706814,2.67506573,-2.62785898,2.06735337
585.85090705,180.98056188,175.28460442,2.67350157,-2.62496655,2.06789500
586.20087772,180.67649175,175.11118944,2.67191762,-2.62151720,2.06843757
586.55084840,180.37309683,174.93665743,2.67031594,-2.61751067,2.06898106
586.90081907,180.07047966,174.76084264,2.66869859,-2.61294674,2.06952546
587.25078974,179.76874279,174.58357931,2.66706762,-2.60782523,2.07007075
587.60076042,179.46798876,174.40470169,2.66542508,-2.60214610,2.07061691
587.95073109,179.16832012,174.22404401,2.66377304,-2.59590945,2.07116392
588.30070176,178.86983940,174.04144052,2.66211356,-2.58911559,2.07171178
588.65067244,178.57264916,173.85672547,2.66044868,-2.58176512,2.07226046
589.00064311,178.27685194,173.66973309,2.65878047,-2.57385895,2.07280995
589.35061378,177.98237787,173.48064146,2.65711098,-2.56778515,2.07336024
589.70058446,177.68903300,173.28983581,2.65544227,-2.56206894,2.07391129
590.05055513,177.39676144,173.09740388,2.65377640,-2.55664882,2.07446311
590.40052580,177.10550746,172.90343314,2.65211542,-2.55152504,2.07501566
590.75049648,176.81521533,172.70801104,2.65046139,-2.54669776,2.07556895
591.10046715,176.52582931,172.51122504,2.64881637,-2.54216708,2.07612294
591.45043782,176.23729368,172.31316258,2.64718241,-2.53793303,2.07667763
591.80040850,175.94955269,172.11391112,2.64556158,-2.53399558,2.07723299
592.15037917,175.66255061,171.91355813,2.64395586,-2.53035466,2.07778901
592.50034984,175.37623172,171.71219105,2.64236675,-2.52701017,2.07834568
592.85032052,175.09054027,171.50989735,2.64079542,-2.52396201,2.07890297
593.20029119,174.80542053,171.30676446,2.63924308,-2.52121004,2.07946088
593.55026186,174.52081677,171.10287986,2.63771091,-2.51875414,2.08001938
593.90023254,174.23667326,170.89833100,2.63620011,-2.51659417,2.08057846
594.25020321,173.95293426,170.69320533,2.63471186,-2.51473002,2.08113810
594.60017388,173.66954404,170.48759031,2.63324736,-2.51316159,2.08169829
594.95014456,173.38644686,170.28157339,2.63180780,-2.51188879,2.08225901
595.30011523,173.10358700,170.07524203,2.63039437,-2.51091158,2.08282023
595.65008590,172.82090871,169.86868368,2.62900826,-2.51022991,2.08338196
596.00005658,172.53835627,169.66198580,2.62765066,-2.50984381,2.08394417
596.35002725,172.25587394,169.45523584,2.62632276,-2.50975329,2.08450684
596.69999792,171.97340599,169.24852127,2.62502576,-2.50995843,2.08506996
597.04996859,171.69089723,169.04192812,2.62376085,-2.51037095,2.08563350
597.39993927,171.40838963,168.83532791,2.62252921,-2.50989532,2.08619747
597.74990994,171.12599210,168.62852728,2.62133204,-2.50907529,2.08676183
598.09988061,170.84378233,168.42143366,2.62017053,-2.50791087,2.08732657
598.44985129,170.56183797,168.21395445,2.61904587,-2.50640205,2.08789168
598.79982196,170.28023671,168.00599708,2.61795925,-2.50454877,2.08845714
599.14979263,169.99905621,167.79746896,2.61691186,-2.50235094,2.08902293
599.49976331,169.71837414,167.58827752,2.61590490,-2.49980842,2.08958904
599.84973398,169.43826817,167.37833017,2.61493955,-2.49692110,2.09015545
600.19970465,169.15881596,167.16753433,2.61401701,-2.49368882,2.09072214
600.54967533,168.88009520,166.95579743,2.61313847,-2.49011143,2.09128910
600.89964600,168.60218355,166.74302687,2.61230511,-2.48618880,2.09185631
601.24961667,168.32515868,166.52913008,2.61151814,-2.48192083,2.09242376
601.59958735,168.04909825,166.31401448,2.61077874,-2.47730744,2.09299142
601.94955802,167.77407995,166.09758748,2.61008809,-2.47234862,2.09355929
602.29952869,167.50018143,165.87975651,2.60944741,-2.46704442,2.09412734
602.64949937,167.22748038,165.66042898,2.60885786,-2.46139499,2.09469556
602.99947004,166.95607085,165.43949461,2.60832066,-2.45469559,2.09526393
603.34944071,166.68653428,165.21632473,2.60783698,-2.44552539,2.09583244
603.69941139,166.41895643,164.99084616,2.60740801,-2.43739191,2.09640107
604.04938206,166.15310201,164.76333560,2.60703496,-2.43029646,2.09696980
604.39935273,165.88873574,164.53406974,2.60671901,-2.42423960,2.09753862
604.74932341,165.62562234,164.30332529,2.60646135,-2.41922141,2.09810751
605.09929408,165.36352652,164.07137893,2.60626274,-2.41524165,2.09867645
605.44926475,165.10221301,163.83850736,2.60612204,-2.41229995,2.09924544
605.79923543,164.84144652,163.60498728,2.60603758,-2.41039590,2.09981444
606.14920610,164.58099177,163.37109538,2.60600769,-2.40952920,2.10038345
606.49917677,164.32061347,163.13710835,2.60603070,-2.40969968,2.10095245
606.84914745,164.06007634,162.90330290,2.60610494,-2.41090733,2.10152142
607.19911812,163.79914511,162.66995571,2.60622875,-2.41315232,2.10209035
607.54908879,163.53758448,162.43734348,2.60640045,-2.41643493,2.10265922
607.89905947,163.27515917,162.20574291,2.60661837,-2.42075551,2.10322801
608.24903014,163.01163391,161.97543068,2.60688084,-2.42611434,2.10379671
608.59900081,162.74717001,161.74621778,2.60718620,-2.42792625,2.10436529
608.94897149,162.48253242,161.51720620,2.60753277,-2.42854719,2.10493376
609.29894216,162.21775479,161.28835649,2.60791889,-2.42914942,2.10550208
609.64891283,161.95284142,161.05966370,2.60834288,-2.42973292,2.10607024
609.99888351,161.68779659,160.83112288,2.60880308,-2.43029770,2.10663823
610.34885418,161.42262461,160.60272907,2.60929782,-2.43084375,2.10720603
610.69882485,161.15732975,160.37447733,2.60982543,-2.43137109,2.10777362
611.04879553,160.89191631,160.14636270,2.61038423,-2.43187970,2.10834098
611.39876620,160.62638857,159.91838023,2.61097257,-2.43236959,2.10890811
611.74873687,160.36075083,159.69052496,2.61158876,-2.43284076,2.10947497
612.09870755,160.09500738,159.46279195,2.61223115,-2.43329321,2.11004157
612.44867822,159.82916250,159.23517624,2.61289805,-2.43372694,2.11060787
612.79864889,159.56322049,159.00767289,2.61358781,-2.43414194,2.11117387
613.14861957,159.29718563,158.78027693,2.61429875,-2.43453822,2.11173955
613.49859024,159.03106221,158.55298341,2.61502920,-2.43491578,2.11230489
613.84856091,158.76485453,158.32578740,2.61577749,-2.43527462,2.11286988
614.19853158,158.49856687,158.09868392,2.61654196,-2.43561474,2.11343449
614.54850226,158.23220353,157.87166803,2.61732094,-2.43593613,2.11399871
614.89847293,157.96576879,157.64473478,2.61811274,-2.43623881,2.11456254
615.24844360,157.69926694,157.41787922,2.61891572,-2.43652276,2.11512594
615.59841428,157.43270227,157.19109638,2.61972819,-2.43678799,2.11568890
615.94838495,157.16607908,156.96438133,2.62054849,-2.43703451,2.11625141
616.29835562,156.89940164,156.73772911,2.62137494,-2.43726230,2.11681345
616.64832630,156.63267426,156.51113477,2.62220588,-2.43747137,2.11737501
616.99829697,156.36590122,156.28459335,2.62303965,-2.43766172,2.11793606
617.34826764,156.09908681,156.05809990,2.62387456,-2.43783336,2.11849660
617.69823832,155.83223532,155.83164947,2.62470895,-2.43798627,2.11905659
618.04820899,155.56535104,155.60523712,2.62554117,-2.43812047,2.11961604
618.39817966,155.29843825,155.37885787,2.62636961,-2.43823594,2.12017492
618.74815034,155.03150126,155.15250679,2.62719267,-2.43833270,2.12073322
619.09812101,154.76454435,154.92617893,2.62800875,-2.43841074,2.12129091
619.44809168,154.49757180,154.69986932,2.62881623,-2.43847005,2.12184799
619.79806236,154.23058792,154.47357302,2.62961353,-2.43851065,2.12240444
620.14803303,153.96359698,154.24728507,2.63039904,-2.43853253,2.12296023
620.49800370,153.69660327,154.02100053,2.63117114,-2.43853570,2.12351536
620.84797438,153.42961110,153.79471444,2.63192825,-2.43852014,2.12406981
621.19794505,153.16262474,153.56842185,2.63266876,-2.43848586,2.12462356
621.54791572,152.89564849,153.34211780,2.63339106,-2.43843287,2.12517659
621.89788640,152.62868663,153.11579735,2.63409356,-2.43836115,2.12572889
622.24785707,152.36174346,152.88945554,2.63477464,-2.43827072,2.12628044
622.59782774,152.09482327,152.66308743,2.63543272,-2.43816157,2.12683123
622.94779842,151.82793034,152.43668805,2.63606617,-2.43803370,2.12738124
623.29776909,151.56106896,152.21025245,2.63667341,-2.43788711,2.12793045
623.64773976,151.29424343,151.98377569,2.63725282,-2.43772180,2.12847885
623.99771044,151.02745803,151.75725281,2.63780281,-2.43753777,2.12902642
624.34768111,150.76071706,151.53067886,2.63832178,-2.43733501,2.12957314
624.69765178,150.49402480,151.30404889,2.63880811,-2.43711354,2.13011900
625.04762246,150.22738554,151.07735794,2.63926021,-2.43687335,2.13066398
625.39759313,149.96080358,150.85060107,2.63967647,-2.43661444,2.13120806
625.74756380,149.69428319,150.62377332,2.64005530,-2.43633680,2.13175123
626.09753448,149.42782868,150.39686973,2.64039508,-2.43604045,2.13229348
626.44750515,149.16144433,150.16988536,2.64069422,-2.43572537,2.13283478
626.79747582,148.89513444,149.94281526,2.64095111,-2.43539157,2.13337512
627.14744650,148.62890328,149.71565447,2.64116416,-2.43503905,2.13391448
627.49741717,148.36275515,149.48839804,2.64133174,-2.43466781,2.13445285
627.84738784,148.09669435,149.26104102,2.64145228,-2.43427784,2.13499021
628.19735852,147.83072515,149.03357845,2.64152415,-2.43386915,2.13552654
628.54732919,147.56485185,148.80600538,2.64154576,-2.43344174,2.13606183
628.89729986,147.29907874,148.57831687,2.64151551,-2.43299561,2.13659606
629.24727054,147.03341012,148.35050796,2.64143179,-2.43253075,2.13712921
629.59724121,146.76785025,148.12257369,2.64129300,-2.43204717,2.13766128
629.94721188,146.50240345,147.89450912,2.64109754,-2.43154486,2.13819223
630.29718256,146.23707400,147.66630930,2.64084380,-2.43102383,2.13872206
630.64715323,145.97186618,147.43796926,2.64053023,-2.43048408,2.13925075
630.99712390,145.70678429,147.20948406,2.64015664,-2.42992561,2.13977828
631.34709458,145.44183262,146.98084875,2.63972452,-2.42934841,2.14030464
631.69706525,145.17701545,146.75205837,2.63923542,-2.42875249,2.14082981
632.04703592,144.91233708,146.52310798,2.63869091,-2.42813785,2.14135377
632.39700659,144.64780179,146.29399261,2.63809257,-2.42750448,2.14187651
632.74697727,144.38341388,146.06470732,2.63744195,-2.42685239,2.14239801
633.09694794,144.11917764,145.83524716,2.63674062,-2.42618159,2.14291825
633.44691861,143.85509735,145.60560717,2.63599016,-2.42549206,2.14343723
633.79688929,143.59117730,145.37578241,2.63519213,-2.42478381,2.14395491
634.14685996,143.32742179,145.14576791,2.63434810,-2.42405685,2.14447129
634.49683063,143.06383510,144.91555873,2.63345962,-2.42331116,2.14498635
634.84680131,142.80042153,144.68514991,2.63252828,-2.42254676,2.14550007
635.19677198,142.53718535,144.45453651,2.63155564,-2.42176365,2.14601243
635.54674265,142.27413087,144.22371357,2.63054326,-2.42096182,2.14652343
635.89671333,142.01126238,143.99267613,2.62949271,-2.42014128,2.14703304
636.24668400,141.74859939,143.76140330,2.62840557,-2.41908710,2.14754124
636.59665467,141.48620862,143.52982524,2.62728338,-2.41790269,2.14804803
636.94662535,141.22408944,143.29794320,2.62612773,-2.41675756,2.14855338
637.29659602,140.96223271,143.06576744,2.62494019,-2.41565171,2.14905728
637.64656669,140.70062924,142.83330822,2.62372231,-2.41458516,2.14955971
637.99653737,140.43926987,142.60057577,2.62247566,-2.41355789,2.15006066
638.34650804,140.17814544,142.36758035,2.62120182,-2.41256992,2.15056010
638.69647871,139.91724677,142.13433222,2.61990234,-2.41162125,2.15105803
639.04644939,139.65656470,141.90084162,2.61857880,-2.41071188,2.15155442
639.39642006,139.39609006,141.66711881,2.61723277,-2.40984180,2.15204926
639.74639073,139.13581369,141.43317403,2.61586580,-2.40901102,2.15254254
640.09636141,138.87572642,141.19901754,2.61447947,-2.40821955,2.15303423
640.44633208,138.61581907,140.96465960,2.61307535,-2.40746738,2.15352433
640.79630275,138.35608249,140.73011044,2.61165500,-2.40675450,2.15401280
641.14627343,138.09650750,140.49538032,2.61021998,-2.40608093,2.15449965
641.49624410,137.83708495,140.26047950,2.60877188,-2.40544666,2.15498484
641.84621477,137.57780565,140.02541822,2.60731224,-2.40485169,2.15546838
642.19618545,137.31866045,139.79020673,2.60584265,-2.40429602,2.15595023
642.54615612,137.05964017,139.55485530,2.60436466,-2.40377965,2.15643038
642.89612679,136.80073565,139.31937416,2.60287985,-2.40330258,2.15690882
643.24609747,136.54193773,139.08377357,2.60138978,-2.40286481,2.15738552
643.59606814,136.28323723,138.84806378,2.59989602,-2.40246633,2.15786048
643.94603881,136.02462499,138.61225504,2.59840026,-2.40210715,2.15833368
644.29600949,135.76609183,138.37635760,2.59690423,-2.40178726,2.15880510
644.64598016,135.50762860,138.14038172,2.59540967,-2.40150667,2.15927472
644.99595083,135.24922613,137.90433764,2.59391831,-2.40126537,2.15974253
645.34592151,134.99087525,137.66823562,2.59243190,-2.40106336,2.16020851
645.69589218,134.73256678,137.43208591,2.59095218,-2.40090065,2.16067265
646.04586285,134.47429157,137.19589875,2.58948088,-2.40077723,2.16113492
646.39583353,134.21604045,136.95968441,2.58801974,-2.40069310,2.16159532
646.74580420,133.95780425,136.72345313,2.58657051,-2.40064826,2.16205382
647.09577487,133.69957380,136.48721516,2.58513492,-2.40064271,2.16251041
647.44574555,133.44133993,136.25098075,2.58371471,-2.40067646,2.16296507
647.79571622,133.18309349,136.01476016,2.58231162,-2.40074950,2.16341779
648.14568689,132.92482529,135.77856363,2.58092739,-2.40086182,2.16386855
648.49565757,132.66652617,135.54240143,2.57956376,-2.40101344,2.16431734
648.84562824,132.40818698,135.30628379,2.57822246,-2.40120435,2.16476413
649.19559891,132.14979853,135.07022097,2.57690524,-2.40143455,2.16520891
649.54556959,131.89135166,134.83422322,2.57561384,-2.40170405,2.16565167
649.89554026,131.63283721,134.59830079,2.57434999,-2.40201284,2.16609239
650.24551093,131.37424600,134.36246394,2.57311543,-2.40236092,2.16653104
650.59548160,131.11556888,134.12672291,2.57191191,-2.40274830,2.16696763
650.94545228,130.85679666,133.89108796,2.57074116,-2.40317497,2.16740212
651.29542295,130.59792019,133.65556934,2.56960491,-2.40364094,2.16783451
651.64539362,130.33893030,133.42017729,2.56850492,-2.40414621,2.16826477
651.99536430,130.07981782,133.18492208,2.56744292,-2.40469077,2.16869289
652.34533497,129.82057359,132.94981394,2.56642064,-2.40527463,2.16911886
652.69530564,129.56118843,132.71486314,2.56543983,-2.40589779,2.16954265
653.04527632,129.30165318,132.48007992,2.56450223,-2.40656025,2.16996425
653.39524699,129.04195867,132.24547453,2.56360957,-2.40726201,2.17038365
653.74521766,128.78209573,132.01105723,2.56276360,-2.40800307,2.17080083
654.09518834,128.52205520,131.77683827,2.56196605,-2.40878342,2.17121577
654.44515901,128.26182792,131.54282790,2.56121866,-2.40960308,2.17162845
654.79512968,128.00140470,131.30903636,2.56052317,-2.41046203,2.17203887
655.14510036,127.74077639,131.07547392,2.55988132,-2.41136028,2.17244699
655.49507103,127.47993382,130.84215082,2.55929485,-2.41229783,2.17285281
655.84504170,127.21886782,130.60907731,2.55876550,-2.41327467,2.17325632
656.19501238,126.95756923,130.37626364,2.55829500,-2.41428423,2.17365748
656.54498305,126.69612098,130.14361767,2.55788471,-2.41455857,2.17405630
656.89495372,126.43460960,129.91104322,2.55753377,-2.41482939,2.17445274
657.24492440,126.17303591,129.67853937,2.55724065,-2.41509668,2.17484680
657.59489507,125.91140072,129.44610518,2.55700376,-2.41536044,2.17523845
657.94486574,125.64970485,129.21373974,2.55682156,-2.41562067,2.17562769
658.29483642,125.38794912,128.98144211,2.55669249,-2.41587738,2.17601449
658.64480709,125.12613435,128.74921137,2.55661498,-2.41613055,2.17639885
658.99477776,124.86426135,128.51704659,2.55658747,-2.41638020,2.17678073
659.34474844,124.60233094,128.28494685,2.55660840,-2.41662632,2.17716013
659.69471911,124.34034394,128.05291122,2.55667622,-2.41686891,2.17753703
660.04468978,124.07830116,127.82093878,2.55678935,-2.41710797,2.17791142
660.39466046,123.81620342,127.58902859,2.55694625,-2.41734350,2.17828327
660.74463113,123.55405154,127.35717974,2.55714535,-2.41757550,2.17865257
661.09460180,123.29184634,127.12539130,2.55738509,-2.41780397,2.17901931
661.44457248,123.02958864,126.89366234,2.55766391,-2.41802892,2.17938346
661.79454315,122.76727924,126.66199193,2.55798024,-2.41825033,2.17974502
662.14451382,122.50491897,126.43037916,2.55833254,-2.41846822,2.18010396
662.49448450,122.24250865,126.19882308,2.55871923,-2.41868258,2.18046027
662.84445517,121.98004909,125.96732279,2.55913876,-2.41889340,2.18081393
663.19442584,121.71754111,125.73587734,2.55958957,-2.41910070,2.18116493
663.54439652,121.45498553,125.50448583,2.56007009,-2.41930447,2.18151325
663.89436719,121.19238316,125.27314731,2.56057878,-2.41950471,2.18185887
664.24433786,120.92973482,125.04186086,2.56111405,-2.41970143,2.18220177
664.59430854,120.66704133,124.81062556,2.56167436,-2.41989461,2.18254195
664.94427921,120.40430351,124.57944049,2.56225815,-2.42008426,2.18287939
665.29424988,120.14152217,124.34830471,2.56286385,-2.42027039,2.18321406
665.64422056,119.87869813,124.11721730,2.56348990,-2.42045298,2.18354595
665.99419123,119.61583221,123.88617733,2.56413475,-2.42063205,2.18387505
666.34416190,119.35292522,123.65518388,2.56479683,-2.42080759,2.18420133
666.69413258,119.08997799,123.42423602,2.56547458,-2.42097960,2.18452479
667.04410325,118.82699132,123.19333283,2.56616644,-2.42114807,2.18484540
667.39407392,118.56396605,122.96247338,2.56687085,-2.42131302,2.18516316
667.74404459,118.30090297,122.73165674,2.56758626,-2.42147444,2.18547803
668.09401527,118.03780292,122.50088199,2.56831109,-2.42163234,2.18579002
668.44398594,117.77466671,122.27014820,2.56904380,-2.42178670,2.18609909
668.79395661,117.51149515,122.03945444,2.56978281,-2.42193753,2.18640524
669.14392729,117.24828906,121.80879980,2.57052658,-2.42208484,2.18670844
669.49389796,116.98504927,121.57818334,2.57127335,-2.42222861,2.18700869
669.84386863,116.72177658,121.34760414,2.57202096,-2.42236886,2.18730596
670.19383931,116.45847181,121.11706127,2.57276712,-2.42250557,2.18760024
670.54380998,116.19513579,120.88655380,2.57350956,-2.42263876,2.18789151
670.89378065,115.93176933,120.65608082,2.57424602,-2.42276842,2.18817976
671.24375133,115.66837324,120.42564139,2.57497422,-2.42289455,2.18846497
671.59372200,115.40494835,120.19523458,2.57569191,-2.42301715,2.18874712
671.94369267,115.14149547,119.96485948,2.57639679,-2.42313622,2.18902620
672.29366335,114.87801541,119.73451516,2.57708662,-2.42325176,2.18930218
672.64363402,114.61450900,119.50420068,2.57775911,-2.42336378,2.18957506
672.99360469,114.35097705,119.27391513,2.57841201,-2.42347226,2.18984482
673.34357537,114.08742039,119.04365758,2.57904303,-2.42357722,2.19011144
673.69354604,113.82383982,118.81342710,2.57964991,-2.42367864,2.19037491
674.04351671,113.56023616,118.58322276,2.58023038,-2.42377654,2.19063520
674.39348739,113.29661024,118.35304364,2.58078217,-2.42387091,2.19089230
674.74345806,113.03296286,118.12288882,2.58130301,-2.42396175,2.19114621
675.09342873,112.76929485,117.89275737,2.58179063,-2.42404905,2.19139688
675.44339941,112.50560702,117.66264836,2.58224277,-2.42413284,2.19164433
675.79337008,112.24190020,117.43256086,2.58265714,-2.42421309,2.19188852
676.14334075,111.97817519,117.20249396,2.58303149,-2.42428981,2.19212944
676.49331143,111.71443282,116.97244671,2.58336354,-2.42436301,2.19236707
676.84328210,111.45067389,116.74241821,2.58365103,-2.42443267,2.19260140
677.19325277,111.18689924,116.51240752,2.58389168,-2.42449881,2.19283241
677.54322345,110.92310967,116.28241371,2.58408322,-2.42456141,2.19306009
677.89319412,110.65930601,116.05243587,2.58422339,-2.42462049,2.19328441
678.24316479,110.39548907,115.82247306,2.58430992,-2.42467604,2.19350537
678.59313547,110.13165967,115.59252435,2.58434053,-2.42472806,2.19372294
678.94310614,109.86781862,115.36258883,2.58431295,-2.42477655,2.19393711
679.29307681,109.60396675,115.13266557,2.58422493,-2.42482152,2.19414786
679.64304749,109.34010486,114.90275363,2.58407418,-2.42486295,2.19435518
679.99301816,109.07623378,114.67285210,2.58385844,-2.42490085,2.19455905
680.34298883,108.81235433,114.44296005,2.58357543,-2.42493523,2.19475946
680.69295951,108.54846732,114.21307655,2.58322290,-2.42496608,2.19495638
681.04293018,108.28457357,113.98320068,2.58279856,-2.42499340,2.19514980
681.39290085,108.02067389,113.75333151,2.58230016,-2.42501719,2.19533971
681.74287153,107.75676911,113.52346811,2.58172541,-2.42503745,2.19552608
682.09284220,107.49286003,113.29360956,2.58107207,-2.42505418,2.19570891
682.44281287,107.22894749,113.06375493,2.58033880,-2.42506738,2.19588817
682.79278355,106.96503229,112.83390330,2.57952553,-2.42507705,2.19606385
683.14275422,106.70111525,112.60405373,2.57863229,-2.42508320,2.19623593
683.49272489,106.43719720,112.37420532,2.57765913,-2.42508582,2.19640440
683.84269557,106.17327894,112.14435712,2.57660607,-2.42508490,2.19656924
684.19266624,105.90936129,111.91450821,2.57547316,-2.42508046,2.19673043
684.54263691,105.64544507,111.68465767,2.57426042,-2.42507249,2.19688796
684.89260759,105.38153111,111.45480457,2.57296790,-2.42506099,2.19704181
685.24257826,105.11762021,111.22494799,2.57159562,-2.42504596,2.19719197
685.59254893,104.85371319,110.99508699,2.57014363,-2.42502741,2.19733841
685.94251960,104.58981087,110.76522065,2.56861196,-2.42500532,2.19748112
686.29249028,104.32591407,110.53534806,2.56700064,-2.42497971,2.19762009
686.64246095,104.06202361,110.30546827,2.56530971,-2.42495056,2.19775530
686.99243162,103.79814029,110.07558036,2.56353920,-2.42491789,2.19788673
687.34240230,103.53426495,109.84568342,2.56168915,-2.42488169,2.19801437
687.69237297,103.27039839,109.61577651,2.55975960,-2.42484196,2.19813820
688.04234364,103.00654144,109.38585870,2.55775058,-2.42479870,2.19825820
688.39231432,102.74269490,109.15592908,2.55566212,-2.42475191,2.19837435
688.74228499,102.47885961,108.92598671,2.55349426,-2.42470159,2.19848665
689.09225566,102.21503637,108.69603066,2.55124704,-2.42464775,2.19859507
689.44222634,101.95122600,108.46606002,2.54892049,-2.42459037,2.19869960
689.79219701,101.68742932,108.23607386,2.54651465,-2.42452947,2.19880022
690.14216768,101.42364715,108.00607125,2.54402955,-2.42446504,2.19889692
690.49213836,101.15988031,107.77605126,2.54146522,-2.42439708,2.19898968
690.84210903,100.89612960,107.54601297,2.53882170,-2.42432559,2.19907847
691.19207970,100.63239586,107.31595546,2.53609904,-2.42425057,2.19916330
691.54205038,100.36867989,107.08587779,2.53329725,-2.42417202,2.19924413
691.89202105,100.10498251,106.85577904,2.53041639,-2.42408994,2.19932095
692.24199172,99.84130455,106.62565828,2.52745647,-2.42400434,2.19939376
692.59196240,99.57764681,106.39551460,2.52441754,-2.42391520,2.19946252
692.94193307,99.31401011,106.16534705,2.52129964,-2.42382254,2.19952723
693.29190374,99.05039528,105.93515473,2.51810280,-2.42372634,2.19958786
693.64187442,98.78680313,105.70493669,2.51482705,-2.42362662,2.19964441
693.99184509,98.52323448,105.47469202,2.51147243,-2.42352337,2.19969685
694.34181576,98.25969014,105.24441979,2.50803897,-2.42341659,2.19974517
694.69178644,97.99617093,105.01411907,2.50452671,-2.42330628,2.19978935
695.04175711,97.73267767,104.78378894,2.50093576,-2.42319244,2.19982938
695.39172778,97.46921117,104.55342847,2.49726724,-2.42307507,2.19986524
695.74169846,97.20577226,104.32303673,2.49352311,-2.42295418,2.19989691
696.09166913,96.94236175,104.09261280,2.48970530,-2.42282975,2.19992438
696.44163980,96.67898045,103.86215576,2.48581577,-2.42270180,2.19994762
696.79161048,96.41562919,103.63166467,2.48185649,-2.42257031,2.19996664
697.14158115,96.15230878,103.40113861,2.47782939,-2.42243530,2.19998139
697.49155182,95.88902004,103.17057666,2.47373643,-2.42229676,2.19999188
697.84152250,95.62576379,102.93997789,2.46957958,-2.42215469,2.19999809
698.19149317,95.36254039,102.70934186,2.46536077,-2.42207480,2.19999985
698.54146384,95.09920582,102.47882749,2.46108197,-2.42302809,2.19995238
698.89143452,94.83565148,102.24855460,2.45674514,-2.42394040,2.19982093
699.24140519,94.57188703,102.01851261,2.45235221,-2.42481173,2.19960695
699.59137586,94.30792210,101.78869091,2.44790515,-2.42564209,2.19931189
699.94134654,94.04376634,101.55907890,2.44340592,-2.42643147,2.19893717
700.29131721,93.77942939,101.32966597,2.43885645,-2.42717989,2.19848426
700.64128788,93.51492090,101.10044153,2.43425872,-2.42788734,2.19795459
700.99125856,93.25025052,100.87139496,2.42961467,-2.42855383,2.19734961
701.34122923,92.98542788,100.64251567,2.42492626,-2.42917937,2.19667075
701.69119990,92.72046263,100.41379306,2.42019544,-2.42976395,2.19591947
702.04117058,92.45536443,100.18521651,2.41542416,-2.43030758,2.19509720
702.39114125,92.19014290,99.95677544,2.41061438,-2.43081026,2.19420539
702.74111192,91.92480770,99.72845923,2.40576805,-2.43127200,2.19324549
703.09108259,91.65936848,99.50025729,2.40088713,-2.43169280,2.19221894
703.44105327,91.39383486,99.27215901,2.39597356,-2.43207265,2.19112717
703.79102394,91.12821651,99.04415379,2.39102931,-2.43241158,2.18997164
704.14099461,90.86252307,98.81623102,2.38605633,-2.43270957,2.18875378
704.49096529,90.59676418,98.58838011,2.38105657,-2.43296663,2.18747505
704.84093596,90.33094948,98.36059045,2.37603198,-2.43318275,2.18613688
705.19090663,90.06508862,98.13285144,2.37098453,-2.43335795,2.18474072
705.54087731,89.79919124,97.90515247,2.36591615,-2.43349223,2.18328800
705.89084798,89.53326700,97.67748295,2.36082881,-2.43358558,2.18178019
706.24081865,89.26732553,97.44983227,2.35572447,-2.43363800,2.18021871
706.59078933,89.00137647,97.22218982,2.35060506,-2.43364950,2.17860501
706.94076000,88.73542949,96.99454501,2.34547256,-2.43362007,2.17694054
707.29073067,88.46949420,96.76688724,2.34032891,-2.43354972,2.17522674
707.64070135,88.20358028,96.53920590,2.33517606,-2.43343845,2.17346505
707.99067202,87.93769734,96.31149038,2.33001596,-2.43328624,2.17165691
708.34064269,87.67185506,96.08373009,2.32485050,-2.43309312,2.16980377
708.69061337,87.40606305,95.85591442,2.31968153,-2.43285906,2.16790708
709.04058404,87.14033098,95.62803277,2.31451091,-2.43258407,2.16596827
709.39055471,86.87466849,95.40007454,2.30934049,-2.43226815,2.16398879
709.74052539,86.60908522,95.17202912,2.30417214,-2.43191130,2.16197009
710.09049606,86.34359081,94.94388592,2.29900771,-2.43151351,2.15991360
710.44046673,86.07819491,94.71563433,2.29384906,-2.43107478,2.15782077
710.79043741,85.81290717,94.48726374,2.28869806,-2.43059511,2.15569304
711.14040808,85.54773723,94.25876356,2.28355654,-2.43007449,2.15353186
711.49037875,85.28269473,94.03012318,2.27842639,-2.42951293,2.15133867
711.84034943,85.01778933,93.80133200,2.27330944,-2.42891041,2.14911492
712.19032010,84.75303065,93.57237941,2.26820756,-2.42826694,2.14686204
712.54029077,84.48842836,93.34325482,2.26312261,-2.42758251,2.14458148
712.89026145,84.22399209,93.11394763,2.25805645,-2.42685712,2.14227469
713.24023212,83.95973148,92.88444722,2.25301093,-2.42609077,2.13994311
713.59020279,83.69565619,92.65474299,2.24798791,-2.42528344,2.13758817
713.94017347,83.43177586,92.42482436,2.24298926,-2.42443515,2.13521134
714.29014414,83.16810013,92.19468070,2.23801681,-2.42354588,2.13281403
714.64011481,82.90463865,91.96430142,2.23307245,-2.42261563,2.13039772
714.99008549,82.64140105,91.73367592,2.22815801,-2.42164440,2.12796382
715.34005616,82.37839700,91.50279359,2.22327537,-2.42063219,2.12551380
715.69002683,82.11563612,91.27164383,2.21842637,-2.41957899,2.12304908
716.03999751,81.85312808,91.04021604,2.21361288,-2.41848481,2.12057113
716.38996818,81.59088250,90.80849962,2.20883676,-2.41734963,2.11808137
716.73993885,81.32890904,90.57648396,2.20409986,-2.41617347,2.11558125
717.08990953,81.06721733,90.34415846,2.19940403,-2.41495631,2.11307222
717.43988020,80.80581704,90.11151252,2.19475115,-2.41369817,2.11055572
717.78985087,80.54471779,89.87853553,2.19014306,-2.41239903,2.10803320
718.13982155,80.28392923,89.64521690,2.18558162,-2.41105890,2.10550609
718.48979222,80.02346102,89.41154601,2.18106869,-2.40967779,2.10297584
718.83976289,79.76332279,89.17751228,2.17660614,-2.40825569,2.10044389
719.18973357,79.50352418,88.94310509,2.17219581,-2.40679262,2.09791169
719.53970424,79.24407485,88.70831384,2.16783956,-2.40528857,2.09538068
719.88967491,78.98498444,88.47312793,2.16353926,-2.40374355,2.09285231
720.23964559,78.72626259,88.23753676,2.15929676,-2.40215757,2.09032801
720.58961626,78.46791894,88.00152973,2.15511392,-2.40053063,2.08780923
720.93958693,78.20996315,87.76509622,2.15099212,-2.39886275,2.08529742
721.28955760,77.95240486,87.52822565,2.14693119,-2.39715393,2.08279401
721.63952828,77.69525370,87.29090740,2.14293067,-2.39540420,2.08030046
721.98949895,77.43851934,87.05313088,2.13899005,-2.39361356,2.07781820
722.33946962,77.18221140,86.81488548,2.13510886,-2.39178202,2.07534868
722.68944030,76.92633954,86.57616060,2.13128662,-2.38990961,2.07289334
723.03941097,76.67091340,86.33694563,2.12752284,-2.38799634,2.07045363
723.38938164,76.41594262,86.09722998,2.12381705,-2.38604224,2.06803099
723.73935232,76.16059455,85.85762611,2.12016875,-2.39091998,2.06562685
724.08932299,75.90379156,85.61887861,2.11657747,-2.39358914,2.06324268
724.43929366,75.64665199,85.38006670,2.11304271,-2.39195976,2.06087990
724.78926434,75.39035244,85.14022593,2.10956401,-2.38603598,2.05853996
725.13923501,75.13606949,84.89839186,2.10614088,-2.37580809,2.05622432
725.48920568,74.88497971,84.65360006,2.10277283,-2.36125574,2.05393440
725.83917636,74.63825969,84.40488608,2.09945938,-2.34235362,2.05167165
726.18914703,74.39708600,84.15128548,2.09620005,-2.31907958,2.04943752
726.53911770,74.16263524,83.89183383,2.09299436,-2.29142539,2.04723345
726.88908838,73.93608399,83.62556668,2.08984182,-2.25941021,2.04506089
727.23905905,73.71823704,83.35164390,2.08674195,-2.23070090,2.04292127
727.58902972,73.50475855,83.07124092,2.08369426,-2.20931966,2.04081604
727.93900040,73.29928781,82.78357278,2.08069829,-2.16964952,2.03874665
728.28897107,73.10863419,82.48689182,2.07775353,-2.11100462,2.03671453
728.63894174,72.93960702,82.17945037,2.07485951,-2.03250726,2.03472114
728.98891242,72.79901565,81.85950074,2.07201575,-1.93374253,2.03276791
729.33888309,72.69644824,81.52600724,2.06922177,-1.79996248,2.03085628
729.68885376,72.63677287,81.18202264,2.06647707,-1.69250204,2.02898771
730.03882444,72.60659451,80.83150007,2.06378119,-1.62798117,2.02716364
730.38879511,72.59166548,80.47834411,2.06113362,-1.60491267,2.02538550
730.73876578,72.57773812,80.12645934,2.05853391,-1.62268817,2.02365474
731.08873646,72.56030540,79.77675048,2.05598155,-1.61326535,2.02197281
731.43870713,72.54846867,79.42660341,2.05347607,-1.59537095,2.02034115
731.78867780,72.54346977,79.07626469,2.05101698,-1.57420931,2.01876120
732.13864848,72.54646151,78.72601005,2.04860380,-1.54974578,2.01723441
732.48861915,72.55859668,78.37611521,2.04623606,-1.52195065,2.01576221
732.83858982,72.58100382,78.02686044,2.04391326,-1.49158225,2.01434606
733.18856050,72.61332283,77.67858928,2.04163492,-1.46560955,2.01298739
733.53853117,72.65396777,77.33127221,2.03940056,-1.44366619,2.01168766
733.88850184,72.70153476,76.98474404,2.03720908,-1.42577401,2.01044830
734.23847252,72.75461990,76.63883958,2.03505840,-1.41193622,2.00927075
734.58844319,72.81181929,76.29339364,2.03294633,-1.40214622,2.00815647
734.93841386,72.87172903,75.94824102,2.03087067,-1.39639443,2.00710688
735.28838454,72.93294522,75.60321654,2.02882923,-1.39467304,2.00612345
735.63835521,72.99406398,75.25815500,2.02681983,-1.39697884,2.00520761
735.98832588,73.05368139,74.91289121,2.02484028,-1.40331406,2.00436080
736.33829656,73.11039357,74.56725999,2.02288837,-1.41368520,2.00358446
736.68826723,73.16279661,74.22109613,2.02096194,-1.42810000,2.00288005
737.03823790,73.20948663,73.87423445,2.01905878,-1.44656233,2.00224901
737.38820858,73.24960633,73.52656946,2.01717670,-1.46226908,2.00169277
737.73817925,73.28587933,73.17841500,2.01531351,-1.47178095,2.00121278
738.08814992,73.31875740,72.82988322,2.01346703,-1.48178433,2.00081049
738.43812060,73.34806218,72.48102105,2.01163506,-1.49228252,2.00048733
738.78809127,73.37361531,72.13187547,2.00981542,-1.50327878,2.00024476
739.13806194,73.39523845,71.78249341,2.00800591,-1.51477617,2.00008422
739.48803261,73.41275324,71.43292185,2.00620434,-1.52677748,2.00000714
739.83800329,73.42667238,71.08317801,2.00440853,-1.53271059,2.00000940
740.18797396,73.43951520,70.73319410,2.00261628,-1.53587592,2.00006785
740.53794463,73.45088459,70.38302940,2.00082540,-1.54115421,2.00017915
740.88791531,73.46003635,70.03275819,1.99903370,-1.54854802,2.00034260
741.23788598,73.46622624,69.68245476,1.99723899,-1.55806233,2.00055747
741.58785665,73.46871006,69.33219341,1.99543909,-1.56970356,2.00082304
741.93782733,73.46674358,68.98204842,1.99363180,-1.58347826,2.00113861
742.28779800,73.45958258,68.63209409,1.99181493,-1.59939159,2.00150344
742.63776867,73.44648285,68.28240470,1.98998630,-1.61744536,2.00191683
742.98773935,73.42670016,67.93305454,1.98814370,-1.63763590,2.00237806
743.33771002,73.39919761,67.58409362,1.98628495,-1.66225900,2.00288641
743.68768069,73.36258950,67.23569202,1.98440787,-1.68881976,2.00344117
744.03765137,73.31660934,66.88827422,1.98251026,-1.71605661,2.00404161
744.38762204,73.26106336,66.54227606,1.98058993,-1.74402360,2.00468702
744.73759271,73.19575776,66.19813337,1.97864469,-1.77277315,2.00537668
745.08756339,73.12047350,65.85628556,1.97667235,-1.80295553,2.00610988
745.43753406,73.03480198,65.51706460,1.97467071,-1.83259226,2.00688590
745.78750473,72.93991259,65.18023109,1.97263760,-1.85737603,2.00770403
746.13747541,72.83746284,64.84542301,1.97057082,-1.87730209,2.00856354
746.48744608,72.72911024,64.51227829,1.96846821,-1.89238523,2.00946371
746.83741675,72.61651228,64.18043491,1.96632820,-1.90264572,2.01040384
747.18738743,72.50132648,63.84953082,1.96414976,-1.90809877,2.01138320
747.53735810,72.38521127,63.51920285,1.96193189,-1.90856383,2.01240108
747.88732877,72.26990779,63.18847802,1.95967357,-1.90480603,2.01345676
748.23729945,72.15488341,62.85727413,1.95737379,-1.90615684,2.01454952
748.58727012,72.03852325,62.52639438,1.95503156,-1.91260800,2.01567865
748.93724079,71.91921242,62.19664197,1.95264585,-1.92416950,2.01684342
749.28721147,71.79533606,61.86882007,1.95021567,-1.94086451,2.01804313
749.63718214,71.66527928,61.54373189,1.94773999,-1.96272044,2.01927706
749.98715281,71.52742720,61.22218063,1.94521783,-1.98975564,2.02054448
750.33712349,71.38016494,60.90496946,1.94264815,-2.02196192,2.02184469
750.68709416,71.22213404,60.59281571,1.94002997,-2.05502997,2.02317695
751.03706483,71.05515741,60.28527597,1.93736227,-2.08100444,2.02454057
751.38703551,70.88054206,59.98189205,1.93464403,-2.10471800,2.02593482
751.73700618,70.69902804,59.68237586,1.93187426,-2.12617074,2.02735898
752.08697685,70.51135540,59.38643934,1.92905195,-2.14537159,2.02881233
752.43694753,70.31826421,59.09379439,1.92617607,-2.16233501,2.03029417
752.78691820,70.12049450,58.80415294,1.92324564,-2.17707815,2.03180376
753.13688887,69.91878632,58.51722691,1.92025964,-2.18961824,2.03334040
753.48685955,69.71387974,58.23272821,1.91721706,-2.19997055,2.03490338
753.83683022,69.50651479,57.95036877,1.91411689,-2.20814657,2.03649196
754.18680089,69.29711414,57.66984640,1.91095812,-2.21642547,2.03810543
754.53677157,69.08503272,57.39109962,1.90773975,-2.22611429,2.03974309
754.88674224,68.87004689,57.11439262,1.90446077,-2.23666956,2.04140420
755.23671291,68.65198207,56.84000141,1.90112016,-2.24809807,2.04308806
755.58668359,68.43066365,56.56820200,1.89771693,-2.26040694,2.04479394
755.93665426,68.20591704,56.29927041,1.89425006,-2.27360339,2.04652113
756.28662493,67.97756765,56.03348264,1.89071854,-2.28769448,2.04826892
756.63659560,67.74544088,55.77111471,1.88712137,-2.30268674,2.05003658
756.98656628,67.50936212,55.51244262,1.88345753,-2.31858588,2.05182340
757.33653695,67.26915679,55.25774239,1.87972602,-2.33539640,2.05362866
757.68650762,67.02465029,55.00729003,1.87592584,-2.35312120,2.05545164
758.03647830,66.77526002,54.76185884,1.87205596,-2.37679182,2.05729163
758.38644897,66.52001795,54.52272345,1.86811539,-2.40018971,2.05914791
758.73641964,66.25960911,54.28917774,1.86410312,-2.42031177,2.06101977
759.08639032,65.99482154,54.06039117,1.86001813,-2.43714926,2.06290648
759.43636099,65.72644326,53.83553321,1.85585956,-2.45070463,2.06480733
759.78633166,65.45526231,53.61377331,1.85162777,-2.46098604,2.06672160
760.13630234,65.18206673,53.39428096,1.84732369,-2.46800299,2.06864858
760.48627301,64.90764453,53.17622560,1.84294827,-2.47176310,2.07058755
760.83624368,64.63278375,52.95877671,1.83850245,-2.47226977,2.07253779
761.18621436,64.35827242,52.74110374,1.83398717,-2.46952112,2.07449858
761.53618503,64.08489516,52.52238011,1.82940339,-2.46461923,2.07646921
761.88615570,63.80871246,52.30721573,1.82475204,-2.49313215,2.07844896
762.23612638,63.52731875,52.09834052,1.82003407,-2.51122237,2.08043711
762.58609705,63.24305604,51.89296794,1.81525043,-2.51893424,2.08243295
762.93606772,62.95826631,51.68831142,1.81040205,-2.51629406,2.08443576
763.28603840,62.67529155,51.48158442,1.80548989,-2.50328529,2.08644482
763.63600907,62.39647376,51.27000039,1.80051489,-2.47985696,2.08845942
763.98597974,62.12415491,51.05077279,1.79547800,-2.44596565,2.09047884
764.33595042,61.86067699,50.82111505,1.79038015,-2.40165216,2.09250235
764.68592109,61.60677095,50.57988105,1.78522230,-2.36618183,2.09452925
765.03589176,61.36015981,50.33000471,1.78000538,-2.33199590,2.09655882
765.38586244,61.12298381,50.07098478,1.77473035,-2.29129464,2.09859034
765.73583311,60.89767980,49.80204965,1.76939814,-2.24383524,2.10062309
766.08580378,60.68668461,49.52242770,1.76400971,-2.18941443,2.10265636
766.43577446,60.49197903,49.23158103,1.75856599,-2.13445577,2.10468943
766.78574513,60.31186640,48.93102426,1.75306794,-2.08750693,2.10672158
767.13571580,60.14527841,48.62222300,1.74751649,-2.04411674,2.10875210
767.48568648,59.99155490,48.30645475,1.74191259,-2.00413686,2.11078026
767.83565715,59.85003575,47.98499704,1.73625719,-1.96739725,2.11280535
768.18562782,59.72006081,47.65912738,1.73055123,-1.93371916,2.11482666
768.53559850,59.60095350,47.32996311,1.72479565,-1.90252919,2.11684347
768.88556917,59.49184485,46.99757949,1.71899141,-1.87391842,2.11885506
769.23553984,59.39176339,46.66227778,1.71313944,-1.84830348,2.12086071
769.58551052,59.29973929,46.32445409,1.70724069,-1.82569219,2.12285971
769.93548119,59.21480269,45.98450449,1.70129610,-1.80607722,2.12485134
770.28545186,59.13598375,45.64282506,1.69530662,-1.78944234,2.12683488
770.63542254,59.06231263,45.29981188,1.68927319,-1.77576761,2.12880961
770.98539321,58.99281948,44.95586104,1.68319677,-1.76503376,2.13077482
771.33536388,58.92653446,44.61136861,1.67707828,-1.75722575,2.13272980
771.68533456,58.86248772,44.26673068,1.67091868,-1.75233545,2.13467382
772.03530523,58.79977757,43.92229787,1.66471892,-1.74901855,2.13660617
772.38527590,58.73859693,43.57775607,1.65848005,-1.74407981,2.13852612
772.73524658,58.67909671,43.23295862,1.65220365,-1.73930575,2.14043297
773.08521725,58.62121956,42.88791427,1.64589137,-1.73469666,2.14232600
773.43518792,58.56490816,42.54263175,1.63954492,-1.73025282,2.14420449
773.78515860,58.51010514,42.19711982,1.63316596,-1.72597445,2.14606772
774.13512927,58.45675318,41.85138720,1.62675618,-1.72186172,2.14791497
774.48509994,58.40479494,41.50544264,1.62031726,-1.71791480,2.14974553
774.83507061,58.35417307,41.15929487,1.61385088,-1.71413379,2.15155869
775.18504129,58.30483023,40.81295263,1.60735871,-1.71051878,2.15335372
775.53501196,58.25670908,40.46642467,1.60084244,-1.70706983,2.15512990
775.88498263,58.20975228,40.11971971,1.59430375,-1.70378698,2.15688653
776.23495331,58.16390249,39.77284651,1.58774431,-1.70067025,2.15862288
776.58492398,58.11910237,39.42581380,1.58116581,-1.69771963,2.16033824
776.93489465,58.07529457,39.07863032,1.57456993,-1.69493511,2.16203189
777.28486533,58.03242177,38.73130481,1.56795835,-1.69231667,2.16370310
777.63483600,57.99042661,38.38384600,1.56133274,-1.68986426,2.16535118
777.98480667,57.94925175,38.03626264,1.55469479,-1.68757785,2.16697539
778.33477735,57.90883986,37.68856346,1.54804618,-1.68545737,2.16857503
778.68474802,57.86913359,37.34075721,1.54138859,-1.68350278,2.17014937
779.03471869,57.83007560,36.99285263,1.53472369,-1.68171402,2.17169769
779.38468937,57.79160856,36.64485844,1.52805317,-1.68009103,2.17321929
779.73466004,57.75367511,36.29678340,1.52137871,-1.67863376,2.17471344
780.08463071,57.71621793,35.94863624,1.51470199,-1.67734214,2.17617943
780.43460139,57.67917966,35.60042570,1.50802468,-1.67621612,2.17761653
780.78457206,57.64250297,35.25216052,1.50134847,-1.67525567,2.17902404
781.13454273,57.60613052,34.90384943,1.49467504,-1.67446074,2.18040124
781.48451341,57.57000497,34.55550119,1.48800607,-1.67383128,2.18174740
781.83448408,57.53406897,34.20712452,1.48134324,-1.67336728,2.18306182
782.18445475,57.49826518,33.85872817,1.47468822,-1.67306872,2.18434377
782.53442543,57.46253627,33.51032087,1.46804270,-1.67293557,2.18559253
782.88439610,57.42682489,33.16191137,1.46140836,-1.67296784,2.18680740
783.23436677,57.39107370,32.81350839,1.45478688,-1.67316552,2.18798765
783.58433745,57.35522537,32.46512070,1.44817993,-1.67352862,2.18913257
783.93430812,57.31922254,32.11675701,1.44158921,-1.67405717,2.19024144
784.28427879,57.28300788,31.76842607,1.43501638,-1.67475119,2.19131354
784.63424947,57.24652406,31.42013663,1.42846313,-1.67561071,2.19234815
784.98422014,57.20971371,31.07189741,1.42193113,-1.67663577,2.19334457
785.33419081,57.17251952,30.72371716,1.41542172,-1.67782641,2.19430206
785.68416149,57.13488413,30.37560462,1.40893550,-1.67918270,2.19521992
786.03413216,57.09675020,30.02756852,1.40247299,-1.68070467,2.19609743
786.38410283,57.05806040,29.67961761,1.39603472,-1.68239239,2.19693387
786.73407351,57.01875739,29.33176062,1.38962122,-1.68424592,2.19772852
787.08404418,56.97878381,28.98400630,1.38323300,-1.68626532,2.19848067
787.43401485,56.93808234,28.63636338,1.37687060,-1.68845063,2.19918960
787.78398553,56.89659562,28.28884060,1.37053453,-1.69080193,2.19985459
788.13395620,56.85449998,27.94140997,1.36422532,-1.69155106,2.20048809
788.48392687,56.81230148,27.59399198,1.35794348,-1.69178074,2.20111961
788.83389755,56.77002628,27.24658276,1.35168956,-1.69199227,2.20175031
789.18386822,56.72768069,26.89918159,1.34546406,-1.69218565,2.20238017
789.53383889,56.68527100,26.55178773,1.33926752,-1.69236088,2.20300920
789.88380957,56.64280353,26.20440047,1.33310045,-1.69251797,2.20363739
790.23378024,56.60028460,25.85701907,1.32696339,-1.69265692,2.20426475
790.58375091,56.55772050,25.50964281,1.32085685,-1.69277771,2.20489128
790.93372159,56.51511755,25.16227096,1.31478135,-1.69288036,2.20551697
791.28369226,56.47248205,24.81490279,1.30873743,-1.69296487,2.20614182
791.63366293,56.42982032,24.46753756,1.30272561,-1.69303123,2.20676583
791.98363361,56.38713867,24.12017457,1.29674640,-1.69307944,2.20738900
792.33360428,56.34444340,23.77281307,1.29080034,-1.69310951,2.20801134
792.68357495,56.30174082,23.42545233,1.28488794,-1.69312143,2.20863283
793.03354562,56.25903724,23.07809164,1.27900973,-1.69311520,2.20925348
793.38351630,56.21633897,22.73073026,1.27316624,-1.69309083,2.20987329
793.73348697,56.17365232,22.38336746,1.26735799,-1.69304831,2.21049226
794.08345764,56.13098359,22.03600253,1.26158549,-1.69298765,2.21111038
794.43342832,56.08833910,21.68863472,1.25584929,-1.69290884,2.21172766
794.78339899,56.04572516,21.34126331,1.25014989,-1.69281189,2.21234409
795.13336966,56.00314808,20.99388757,1.24448782,-1.69269679,2.21295968
795.48334034,55.96061415,20.64650678,1.23886361,-1.69256354,2.21357442
795.83331101,55.91812970,20.29912020,1.23327779,-1.69241215,2.21418831
796.18328168,55.87570103,19.95172712,1.22773086,-1.69224261,2.21480135
796.53325236,55.83333445,19.60432679,1.22222336,-1.69205492,2.21541354
796.88322303,55.79103627,19.25691850,1.21675582,-1.69184909,2.21602488
797.23319370,55.74881279,18.90950151,1.21132875,-1.69162511,2.21663537
797.58316438,55.70667034,18.56207510,1.20594268,-1.69138298,2.21724501
797.93313505,55.66461521,18.21463854,1.20059810,-1.69112271,2.21785379
798.28310572,55.62265371,17.86719110,1.19529468,-1.69084429,2.21846172
798.63307640,55.58079216,17.51973206,1.19003118,-1.69054773,2.21906879
798.98304707,55.53903686,17.17226068,1.18480631,-1.69023301,2.21967501
799.33301774,55.49739412,16.82477624,1.17961881,-1.68990015,2.22028037
799.68298842,55.45587025,16.47727800,1.17446737,-1.68954915,2.22088488
800.03295909,55.41447156,16.12976525,1.16935073,-1.68917999,2.22148852
800.38292976,55.37320436,15.78223725,1.16426759,-1.68879269,2.22209131
800.73290044,55.33207496,15.43469328,1.15921668,-1.68838724,2.22269324
801.08287111,55.29108967,15.08713261,1.15419670,-1.68796364,2.22329430
801.43284178,55.25025478,14.73955451,1.14920639,-1.68752190,2.22389451
801.78281246,55.20957663,14.39195825,1.14424446,-1.68706200,2.22449385
802.13278313,55.16906150,14.04434310,1.13930961,-1.68658396,2.22509233
802.48275380,55.12871572,13.69670834,1.13440058,-1.68608778,2.22568994
802.83272448,55.08854559,13.34905324,1.12951608,-1.68557344,2.22628669
803.18269515,55.04855742,13.00137706,1.12465482,-1.68504097,2.22688258
803.53266582,55.00875751,12.65367909,1.11981553,-1.68449034,2.22747760
803.88263650,54.96915219,12.30595860,1.11499691,-1.68392157,2.22807174
804.23260717,54.92974775,11.95821485,1.11019769,-1.68333465,2.22866503
804.58257784,54.89055050,11.61044712,1.10541659,-1.68272959,2.22925744
804.93254852,54.85156256,11.26265517,1.10065232,-1.68221840,2.22984898
805.28251919,54.81266826,10.91485261,1.09590360,-1.68210630,2.23043965
805.63248986,54.77381287,10.56704584,1.09116914,-1.68199472,2.23102945
805.98246054,54.73499622,10.21923490,1.08644767,-1.68188366,2.23161838
806.33243121,54.69621812,9.87141981,1.08173790,-1.68177311,2.23220643
806.68240188,54.65747840,9.52360057,1.07703855,-1.68166309,2.23279361
807.03237256,54.61877687,9.17577722,1.07234833,-1.68155358,2.23337991
807.38234323,54.58011336,8.82794977,1.06766597,-1.68144459,2.23396534
807.73231390,54.54148768,8.48011824,1.06299018,-1.68133612,2.23454989
808.08228458,54.50289965,8.13228266,1.05831967,-1.68122817,2.23513357
808.43225525,54.46434910,7.78444303,1.05365317,-1.68112073,2.23571636
808.78222592,54.42583583,7.43659938,1.04898939,-1.68101382,2.23629828
809.13219660,54.38735968,7.08875173,1.04432706,-1.68090742,2.23687931
809.48216727,54.34892046,6.74090010,1.03966487,-1.68080154,2.23745947
809.83213794,54.31051799,6.39304451,1.03500157,-1.68069618,2.23803874
810.18210861,54.27215210,6.04518497,1.03033585,-1.68059133,2.23861713
810.53207929,54.23382259,5.69732151,1.02566644,-1.68048701,2.23919464
810.88204996,54.19552929,5.34945415,1.02099211,-1.68038320,2.23977126
811.23202063,54.15727203,5.00158291,1.01631207,-1.68027991,2.24034700
811.58199131,54.11905061,4.65370779,1.01162584,-1.68017714,2.24092185
811.93196198,54.08086486,4.30582884,1.00693291,-1.68007489,2.24149581
812.28193265,54.04271460,3.95794605,1.00223280,-1.67997315,2.24206889
812.63190333,54.00459965,3.61005946,0.99752502,-1.67987194,2.24264108
812.98187400,53.96651983,3.26216909,0.99280907,-1.67977124,2.24321238
813.33184467,53.92847496,2.91427494,0.98808446,-1.67967106,2.24378278
813.68181535,53.89046485,2.56637705,0.98335069,-1.67957140,2.24435230
814.03178602,53.85248933,2.21847543,0.97860727,-1.67947225,2.24492093
814.38175669,53.81454822,1.87057010,0.97385371,-1.67937363,2.24548866
814.73172737,53.77664133,1.52266107,0.96908952,-1.67927552,2.24605550
815.08169804,53.73876849,1.17474838,0.96431420,-1.67917793,2.24662144
815.43166871,53.70092952,0.82683204,0.95952726,-1.67908086,2.24718649
815.78163939,53.66312423,0.47891207,0.95472821,-1.67898431,2.24775064
816.13161006,53.62535245,0.13098848,0.94991655,-1.67888828,2.24831390
816.48158073,53.58761399,-0.21693870,0.94509179,-1.67879276,2.24887626
816.83155141,53.54990868,-0.56486945,0.94025344,-1.67869777,2.24943772
817.18152208,53.51223633,-0.91280376,0.93540101,-1.67860329,2.24999828
817.53149275,53.47459676,-1.26074160,0.93053399,-1.67850933,2.25055794
817.88146343,53.43698980,-1.60868296,0.92565191,-1.67841588,2.25111670
818.23143410,53.39941526,-1.95662781,0.92075426,-1.67832296,2.25167455
818.58140477,53.36187297,-2.30457613,0.91584056,-1.67823055,2.25223151
818.93137545,53.32436273,-2.65252792,0.91091030,-1.67813867,2.25278756
819.28134612,53.28688438,-3.00048314,0.90596300,-1.67804730,2.25334270
819.63131679,53.24943773,-3.34844178,0.90099817,-1.67795645,2.25389694
819.98128747,53.21202261,-3.69640382,0.89601530,-1.67786611,2.25445028
820.33125814,53.17463882,-4.04436923,0.89101391,-1.67777630,2.25500270
820.68122881,53.13728619,-4.39233801,0.88599351,-1.67768700,2.25555422
821.03119949,53.09996455,-4.74031012,0.88095360,-1.67759823,2.25610483
821.38117016,53.06267370,-5.08828556,0.87589369,-1.67750997,2.25665453
821.73114083,53.02541348,-5.43626429,0.87081329,-1.67742223,2.25720332
822.08111151,52.98818369,-5.78424631,0.86571189,-1.67733500,2.25775120
822.43108218,52.95098417,-6.13223159,0.86058902,-1.67724830,2.25829817
822.78105285,52.91381472,-6.48022012,0.85544417,-1.67716211,2.25884422
823.13102353,52.87667517,-6.82821186,0.85027686,-1.67707644,2.25938936
823.48099420,52.83956534,-7.17620681,0.84508659,-1.67699130,2.25993359
823.83096487,52.80248505,-7.52420495,0.83987320,-1.67690666,2.26047690
824.18093555,52.76543411,-7.87220625,0.83463822,-1.67682255,2.26101929
824.53090622,52.72841235,-8.22021070,0.82938366,-1.67673896,2.26156077
824.88087689,52.69141959,-8.56821827,0.82411155,-1.67665588,2.26210133
825.23084757,52.65445564,-8.91622895,0.81882390,-1.67657332,2.26264097
825.58081824,52.61752034,-9.26424271,0.81352273,-1.67649128,2.26317969
825.93078891,52.58061348,-9.61225954,0.80821008,-1.67640976,2.26371749
826.28075959,52.54373490,-9.96027943,0.80288795,-1.67632876,2.26425437
826.63073026,52.50688442,-10.30830234,0.79755838,-1.67624827,2.26479032
826.98070093,52.47006185,-10.65632826,0.79222338,-1.67616831,2.26532535
827.33067161,52.43326702,-11.00435717,0.78688497,-1.67608886,2.26585946
827.68064228,52.39649974,-11.35238905,0.78154517,-1.67600993,2.26639265
828.03061295,52.35975984,-11.70042388,0.77620602,-1.67593152,2.26692491
828.38058362,52.32304712,-12.04846164,0.77086952,-1.67585362,2.26745624
828.73055430,52.28636142,-12.39650232,0.76553769,-1.67577625,2.26798664
829.08052497,52.24970256,-12.74454589,0.76021257,-1.67569939,2.26851612
829.43049564,52.21307034,-13.09259233,0.75489617,-1.67562305,2.26904467
829.78046632,52.17646460,-13.44064162,0.74959052,-1.67554723,2.26957229
830.13043699,52.13988515,-13.78869375,0.74429762,-1.67547193,2.27009898
830.48040766,52.10333181,-14.13674870,0.73901951,-1.67539715,2.27062473
830.83037834,52.06680441,-14.48480644,0.73375821,-1.67532288,2.27114956
831.18034901,52.03030275,-14.83286695,0.72851574,-1.67524913,2.27167345
831.53031968,51.99382666,-15.18093023,0.72329412,-1.67517591,2.27219640
831.88029036,51.95737597,-15.52899624,0.71809537,-1.67510319,2.27271843
832.23026103,51.92095048,-15.87706497,0.71292151,-1.67503100,2.27323951
832.58023170,51.88455003,-16.22513639,0.70777456,-1.67495933,2.27375966
832.93020238,51.84817442,-16.57321050,0.70265655,-1.67488817,2.27427887
833.28017305,51.81182348,-16.92128726,0.69756950,-1.67481754,2.27479715
833.63014372,51.77549703,-17.26936667,0.69251542,-1.67474742,2.27531448
833.98011440,51.73919488,-17.61744869,0.68749634,-1.67467782,2.27583088
834.33008507,51.70291687,-17.96553332,0.68251429,-1.67460874,2.27634633
834.68005574,51.66666280,-18.31362053,0.67757127,-1.67454017,2.27686085
835.03002642,51.63043250,-18.66171030,0.67266932,-1.67447213,2.27737442
835.37999709,51.59422579,-19.00980261,0.66781045,-1.67440460,2.27788705
835.72996776,51.55804248,-19.35789745,0.66299669,-1.67433759,2.27839873
836.07993844,51.52188240,-19.70599479,0.65823005,-1.67427110,2.27890947
836.42990911,51.48574536,-20.05409462,0.65351257,-1.67420513,2.27941926
836.77987978,51.44963119,-20.40219691,0.64884624,-1.67413967,2.27992811
837.12985046,51.41353971,-20.75030164,0.64423304,-1.67407474,2.28043601
837.47982113,51.37747073,-21.09840880,0.63967495,-1.67401032,2.28094296
837.82979180,51.34142407,-21.44651837,0.63517395,-1.67394642,2.28144896
838.17976248,51.30539956,-21.79463033,0.63073199,-1.67388304,2.28195401
838.52973315,51.26939701,-22.14274465,0.62635107,-1.67382018,2.28245811
838.87970382,51.23341624,-22.49086132,0.62203314,-1.67375783,2.28296126
839.22967450,51.19745708,-22.83898032,0.61778019,-1.67369601,2.28346346
839.57964517,51.16151934,-23.18710163,0.61359418,-1.67363470,2.28396470
839.92961584,51.12560285,-23.53522523,0.60947709,-1.67357391,2.28446499
840.27958652,51.08970741,-23.88335111,0.60543089,-1.67351364,2.28496432
840.62955719,51.05383286,-24.23147923,0.60145756,-1.67345389,2.28546270
840.97952786,51.01797900,-24.57960958,0.59755906,-1.67339465,2.28596012
841.32949854,50.98214567,-24.92774215,0.59373738,-1.67333594,2.28645659
841.67946921,50.94633268,-25.27587691,0.58999448,-1.67327774,2.28695209
842.02943988,50.91053985,-25.62401384,0.58633234,-1.67322006,2.28744664
842.37941056,50.87476700,-25.97215293,0.58275292,-1.67316290,2.28794023
842.72938123,50.83901395,-26.32029415,0.57925821,-1.67310626,2.28843285
843.07935190,50.80328052,-26.66843748,0.57585018,-1.67305013,2.28892452
843.42932258,50.76756653,-27.01658291,0.57253079,-1.67299452,2.28941522
843.77929325,50.73187179,-27.36473042,0.56930203,-1.67293944,2.28990496
844.12926392,50.69619614,-27.71287999,0.56616586,-1.67288487,2.29039373
844.47923460,50.66053938,-28.06103159,0.56312426,-1.67283082,2.29088154
844.82920527,50.62490134,-28.40918521,0.56017919,-1.67277728,2.29136838
845.17917594,50.58928184,-28.75734082,0.55733265,-1.67272427,2.29185426
845.52914661,50.55368069,-29.10549842,0.55458659,-1.67267177,2.29233917
845.87911729,50.51809772,-29.45365798,0.55194299,-1.67261979,2.29282311
846.22908796,50.48253275,-29.80181947,0.54940382,-1.67256833,2.29330608
846.57905863,50.44698560,-30.14998289,0.54697106,-1.67251739,2.29378808
846.92902931,50.41145607,-30.49814821,0.54464668,-1.67246697,2.29426911
847.27899998,50.37594401,-30.84631541,0.54243265,-1.67241706,2.29474917
847.62897065,50.34044922,-31.19448447,0.54033094,-1.67236768,2.29522825
847.97894133,50.30497152,-31.54265538,0.53834354,-1.67231881,2.29570636
848.32891200,50.26951074,-31.89082810,0.53647240,-1.67227046,2.29618350
848.67888267,50.23406669,-32.23900264,0.53471951,-1.67222263,2.29665966
849.02885335,50.19863920,-32.58717895,0.53308683,-1.67217531,2.29713485
849.37882402,50.16322808,-32.93535704,0.53157632,-1.67212852,2.29760906
849.72879469,50.12783315,-33.28353686,0.53018889,-1.67208224,2.29808229
850.07876537,50.09245423,-33.63171842,0.52892414,-1.67203648,2.29855454
850.42873604,50.05709115,-33.97990168,0.52778155,-1.67199124,2.29902581
850.77870671,50.02174372,-34.32808662,0.52676063,-1.67194652,2.29949611
851.12867739,49.98641176,-34.67627324,0.52586088,-1.67190232,2.29996542
851.47864806,49.95109509,-35.02446150,0.52508179,-1.67185863,2.30043375
851.82861873,49.91579353,-35.37265140,0.52442287,-1.67181546,2.30090110
852.17858941,49.88050690,-35.72084290,0.52388360,-1.67177281,2.30136746
852.52856008,49.84523503,-36.06903599,0.52346350,-1.67173068,2.30183284
852.87853075,49.80997772,-36.41723066,0.52316205,-1.67168907,2.30229724
853.22850143,49.77473480,-36.76542687,0.52297876,-1.67164798,2.30276064
853.57847210,49.73950609,-37.11362462,0.52291312,-1.67160740,2.30322306
853.92844277,49.70429141,-37.46182388,0.52296463,-1.67156734,2.30368450
854.27841345,49.66909058,-37.81002463,0.52313280,-1.67152780,2.30414494
854.62838412,49.63390342,-38.15822685,0.52341711,-1.67148878,2.30460440
854.97835479,49.59872974,-38.50643053,0.52381707,-1.67145028,2.30506286
855.32832547,49.56356938,-38.85463564,0.52433218,-1.67141230,2.30552034
855.67829614,49.52842214,-39.20284217,0.52496193,-1.67137483,2.30597682
856.02826681,49.49328784,-39.55105010,0.52570582,-1.67133788,2.30643231
856.37823749,49.45816632,-39.89925940,0.52656335,-1.67130145,2.30688680
856.72820816,49.42305738,-40.24747005,0.52753402,-1.67126554,2.30734030
857.07817883,49.38796084,-40.59568205,0.52861732,-1.67123015,2.30779281
857.42814951,49.35287653,-40.94389536,0.52981276,-1.67119527,2.30824432
857.77812018,49.31780427,-41.29210997,0.53111983,-1.67116092,2.30869483
858.12809085,49.28274387,-41.64032586,0.53253804,-1.67112708,2.30914434
858.47806153,49.24769515,-41.98854301,0.53406687,-1.67109376,2.30959286
858.82803220,49.21265794,-42.33676140,0.53570583,-1.67106096,2.31004038
859.17800287,49.17763206,-42.68498101,0.53745442,-1.67102867,2.31048689
859.52797355,49.14261731,-43.03320182,0.53931213,-1.67099691,2.31093241
859.87794422,49.10761353,-43.38142381,0.54127847,-1.67096566,2.31137692
860.22791489,49.07262054,-43.72964697,0.54335292,-1.67093493,2.31182043
860.57788557,49.03763814,-44.07787127,0.54553500,-1.67090472,2.31226293
860.92785624,49.00266617,-44.42609669,0.54782419,-1.67087503,2.31270443
861.27782691,48.96770444,-44.77432322,0.55022000,-1.67084586,2.31314493
861.62779759,48.93275277,-45.12255083,0.55272192,-1.67081720,2.31358442
861.97776826,48.89781098,-45.47077950,0.55532945,-1.67078906,2.31402290
862.32773893,48.86287889,-45.81900922,0.55804200,-1.67076144,2.31446037
862.67770961,48.82795633,-46.16723997,0.56085768,-1.67073434,2.31489684
863.02768028,48.79304310,-46.51547172,0.56377373,-1.67070776,2.31533230
863.37765095,48.75813903,-46.86370447,0.56678735,-1.67068170,2.31576674
863.72762162,48.72324395,-47.21193818,0.56989575,-1.67065615,2.31620017
864.07759230,48.68835766,-47.56017283,0.57309613,-1.67063112,2.31663260
864.42756297,48.65347999,-47.90840842,0.57638570,-1.67060661,2.31706400
864.77753364,48.61861076,-48.25664492,0.57976167,-1.67058262,2.31749440
865.12750432,48.58374978,-48.60488230,0.58322125,-1.67055915,2.31792378
865.47747499,48.54889689,-48.95312056,0.58676164,-1.67053619,2.31835214
865.82744566,48.51405189,-49.30135967,0.59038004,-1.67051376,2.31877949
866.17741634,48.47921461,-49.64959961,0.59407367,-1.67049184,2.31920582
866.52738701,48.44438487,-49.99784036,0.59783973,-1.67047044,2.31963113
866.87735768,48.40956248,-50.34608191,0.60167543,-1.67044956,2.32005543
867.22732836,48.37474727,-50.69432423,0.60557797,-1.67042919,2.32047870
867.57729903,48.33993905,-51.04256730,0.60954457,-1.67040935,2.32090096
867.92726970,48.30513765,-51.39081111,0.61357242,-1.67039002,2.32132219
868.27724038,48.27034289,-51.73905563,0.61765874,-1.67037121,2.32174240
868.62721105,48.23555457,-52.08730085,0.62180073,-1.67035292,2.32216158
868.97718172,48.20077254,-52.43554674,0.62599560,-1.67033515,2.32257975
869.32715240,48.16599660,-52.78379330,0.63024056,-1.67031790,2.32299688
869.67712307,48.13122657,-53.13204049,0.63453281,-1.67030116,2.32341300
870.02709374,48.09646227,-53.48028829,0.63886955,-1.67028494,2.32382808
870.37706442,48.06170353,-53.82853670,0.64324801,-1.67026924,2.32424214
870.72703509,48.02695016,-54.17678568,0.64766537,-1.67025406,2.32465517
871.07700576,47.99220199,-54.52503523,0.65211885,-1.67023940,2.32506717
871.42697644,47.95745882,-54.87328531,0.65660566,-1.67022526,2.32547814
871.77694711,47.92272049,-55.22153592,0.66112301,-1.67021163,2.32588808
872.12691778,47.88798681,-55.56978702,0.66566809,-1.67019852,2.32629699
872.47688846,47.85325760,-55.91803861,0.67023812,-1.67018593,2.32670487
872.82685913,47.81853268,-56.26629066,0.67483030,-1.67017386,2.32711171
873.17682980,47.78381187,-56.61454315,0.67944184,-1.67016231,2.32751752
873.52680048,47.74909499,-56.96279607,0.68406995,-1.67015127,2.32792230
873.87677115,47.71438186,-57.31104939,0.68871183,-1.67014076,2.32832604
874.22674182,47.67967230,-57.65930310,0.69336469,-1.67013076,2.32872874
874.57671250,47.64496613,-58.00755717,0.69802574,-1.67012128,2.32913040
874.92668317,47.61026317,-58.35581158,0.70269218,-1.67011232,2.32953103
875.27665384,47.57556323,-58.70406633,0.70736116,-1.67010387,2.32993062
875.62662452,47.54086615,-59.05232138,0.71202945,-1.67009595,2.33032917
875.97659519,47.50617173,-59.40057671,0.71669371,-1.67008854,2.33072667
876.32656586,47.47147980,-59.74883232,0.72135058,-1.67008165,2.33112314
876.67653654,47.43679017,-60.09708817,0.72599669,-1.67007528,2.33151856
877.02650721,47.40210267,-60.44534425,0.73062870,-1.67006943,2.33191294
877.37647788,47.36741712,-60.79360055,0.73524324,-1.67006409,2.33230628
877.72644856,47.33273334,-61.14185703,0.73983696,-1.67005928,2.33269857
878.07641923,47.29805114,-61.49011368,0.74440650,-1.67005498,2.33308981
878.42638990,47.26337034,-61.83837049,0.74894850,-1.67005120,2.33348001
878.77636058,47.22869078,-62.18662742,0.75345961,-1.67004794,2.33386916
879.12633125,47.19401225,-62.53488447,0.75793648,-1.67004520,2.33425726
879.47630192,47.15933459,-62.88314161,0.76237574,-1.67004297,2.33464431
879.82627260,47.12465761,-63.23139883,0.76677403,-1.67004127,2.33503032
880.17624327,47.08998114,-63.57965610,0.77112801,-1.67004008,2.33541527
880.52621394,47.05530499,-63.92791340,0.77543431,-1.67003941,2.33579917
880.87618462,47.02062899,-64.27617072,0.77968958,-1.67003926,2.33618202
881.22615529,46.98595294,-64.62442804,0.78389046,-1.67003962,2.33656381
881.57612596,46.95127668,-64.97268533,0.78803360,-1.67004051,2.33694455
881.92609663,46.91660002,-65.32094257,0.79211563,-1.67004191,2.33732424
882.27606731,46.88192278,-65.66919976,0.79613321,-1.67004383,2.33770286
882.62603798,46.84724479,-66.01745686,0.80008296,-1.67004627,2.33808044
882.97600865,46.81256585,-66.36571386,0.80396155,-1.67004923,2.33845695
883.32597933,46.77788580,-66.71397075,0.80776560,-1.67005271,2.33883241
883.67595000,46.74320444,-67.06222749,0.81149177,-1.67005670,2.33920681
884.02592067,46.70852161,-67.41048407,0.81513670,-1.67006121,2.33958014
884.37589135,46.67383711,-67.75874047,0.81869703,-1.67006624,2.33995242
884.72586202,46.63915078,-68.10699667,0.82216940,-1.67007179,2.34032363
885.07583269,46.60446242,-68.45525266,0.82555046,-1.67007786,2.34069378
885.42580337,46.56977186,-68.80350840,0.82883685,-1.67008445,2.34106287
885.77577404,46.53507892,-69.15176389,0.83202521,-1.67009155,2.34143090
886.12574471,46.50038342,-69.50001911,0.83511219,-1.67009917,2.34179785
886.47571539,46.46568518,-69.84827403,0.83809443,-1.67010731,2.34216375
886.82568606,46.43098401,-70.19652863,0.84096857,-1.67011597,2.34252857
887.17565673,46.39627974,-70.54478290,0.84373126,-1.67012515,2.34289233
887.52562741,46.36157218,-70.89303681,0.84637914,-1.67013484,2.34325502
887.87559808,46.32686117,-71.24129035,0.84890885,-1.67014506,2.34361664
888.22556875,46.29214650,-71.58954350,0.85131766,-1.67015579,2.34397719
888.57553943,46.25742802,-71.93779623,0.85360464,-1.67016704,2.34433667
888.92551010,46.22270553,-72.28604853,0.85576922,-1.67017880,2.34469507
889.27548077,46.18797885,-72.63430038,0.85781083,-1.67019109,2.34505241
889.62545145,46.15324781,-72.98255176,0.85972888,-1.67020390,2.34540867
889.97542212,46.11851222,-73.33080265,0.86152279,-1.67021722,2.34576386
890.32539279,46.08377191,-73.67905303,0.86319199,-1.67023106,2.34611797
890.67536347,46.04902669,-74.02730288,0.86473591,-1.67024542,2.34647100
891.02533414,46.01427638,-74.37555219,0.86615396,-1.67026030,2.34682296
891.37530481,45.97952081,-74.72380092,0.86744556,-1.67027569,2.34717384
891.72527549,45.94475979,-75.07204907,0.86861015,-1.67029161,2.34752364
892.07524616,45.90999314,-75.42029660,0.86964713,-1.67030804,2.34787236
892.42521683,45.87522068,-75.76854352,0.87055594,-1.67032499,2.34822000
892.77518751,45.84044224,-76.11678978,0.87133600,-1.67034246,2.34856657
893.12515818,45.80565762,-76.46503539,0.87198672,-1.67036044,2.34891204
893.47512885,45.77086666,-76.81328030,0.87250753,-1.67037895,2.34925644
893.82509953,45.73606917,-77.16152452,0.87289786,-1.67039797,2.34959975
894.17507020,45.70126496,-77.50976800,0.87315712,-1.67041752,2.34994198
894.52504087,45.66645387,-77.85801075,0.87328475,-1.67043758,2.35028312
894.87501155,45.63163571,-78.20625273,0.87328015,-1.67045815,2.35062318
895.22498222,45.59681029,-78.55449394,0.87314275,-1.67047925,2.35096215
895.57495289,45.56197745,-78.90273434,0.87287198,-1.67050086,2.35130003
895.92492357,45.52713699,-79.25097391,0.87246726,-1.67052300,2.35163682
896.27489424,45.49228874,-79.59921265,0.87192801,-1.67054565,2.35197252
896.62486491,45.45743252,-79.94745053,0.87125365,-1.67056882,2.35230714
896.97483559,45.42256815,-80.29568753,0.87044361,-1.67059251,2.35264066
897.32480626,45.38769544,-80.64392363,0.86949730,-1.67061671,2.35297309
897.67477693,45.35281422,-80.99215882,0.86841416,-1.67064144,2.35330442
898.02474761,45.31792431,-81.34039306,0.86719359,-1.67066668,2.35363466
898.37471828,45.28302552,-81.68862635,0.86583504,-1.67069244,2.35396381
898.72468895,45.24811768,-82.03685866,0.86433790,-1.67071872,2.35429186
899.07465962,45.21320061,-82.38508998,0.86270162,-1.67074552,2.35461882
899.42463030,45.17827412,-82.73332028,0.86092561,-1.67077283,2.35494468
899.77460097,45.14333803,-83.08154955,0.85900930,-1.67080067,2.35526944
900.12457164,45.10839217,-83.42977776,0.85695210,-1.67082902,2.35559310
900.47454232,45.07343635,-83.77800490,0.85475344,-1.67085789,2.35591567
900.82451299,45.03847040,-84.12623095,0.85241277,-1.67088728,2.35623713
901.17448366,45.00349413,-84.47445588,0.84993088,-1.67091719,2.35655749
901.52445434,44.96850736,-84.82267968,0.84731066,-1.67094761,2.35687675
901.87442501,44.93350992,-85.17090233,0.84455520,-1.67097855,2.35719490
902.22439568,44.89850162,-85.51912381,0.84166755,-1.67101002,2.35751195
902.57436636,44.86348228,-85.86734410,0.83865081,-1.67104200,2.35782790
902.92433703,44.82845172,-86.21556318,0.83550804,-1.67107449,2.35814274
903.27430770,44.79340976,-86.56378103,0.83224232,-1.67110751,2.35845648
903.62427838,44.75835623,-86.91199763,0.82885671,-1.67114105,2.35876911
903.97424905,44.72329093,-87.26021296,0.82535431,-1.67117510,2.35908063
904.32421972,44.68821370,-87.60842701,0.82173817,-1.67120967,2.35939104
904.67419040,44.65312435,-87.95663974,0.81801137,-1.67124476,2.35970034
905.02416107,44.61802269,-88.30485116,0.81417699,-1.67128037,2.36000853
905.37413174,44.58290856,-88.65306122,0.81023811,-1.67131649,2.36031561
905.72410242,44.54778176,-89.00126992,0.80619779,-1.67135314,2.36062158
906.07407309,44.51264213,-89.34947724,0.80205911,-1.67139030,2.36092643
906.42404376,44.47748947,-89.69768315,0.79782515,-1.67142798,2.36123017
906.77401444,44.44232361,-90.04588764,0.79349897,-1.67146618,2.36153279
907.12398511,44.40714436,-90.39409069,0.78908366,-1.67150490,2.36183430
907.47395578,44.37195156,-90.74229227,0.78458229,-1.67154414,2.36213470
907.82392646,44.33674501,-91.09049237,0.77999792,-1.67158389,2.36243397
908.17389713,44.30152454,-91.43869097,0.77533364,-1.67162416,2.36273213
908.52386780,44.26628996,-91.78688805,0.77059253,-1.67166495,2.36302917
908.87383848,44.23104111,-92.13508359,0.76577764,-1.67170626,2.36332509
909.22380915,44.19577778,-92.48327757,0.76089207,-1.67174809,2.36361989
909.57377982,44.16049981,-92.83146997,0.75593887,-1.67179044,2.36391356
909.92375050,44.12520702,-93.17966077,0.75092113,-1.67183330,2.36420612
910.27372117,44.08989922,-93.52784996,0.74584193,-1.67187668,2.36449755
910.62369184,44.05457624,-93.87603750,0.74070433,-1.67192058,2.36478786
910.97366252,44.01923789,-94.22422339,0.73551141,-1.67196500,2.36507704
911.32363319,43.98388399,-94.57240760,0.73026624,-1.67200994,2.36536509
911.67360386,43.94851437,-94.92059012,0.72497190,-1.67205539,2.36565202
912.02357454,43.91312884,-95.26877092,0.71963146,-1.67210137,2.36593783
912.37354521,43.87772722,-95.61694999,0.71424799,-1.67214786,2.36622250
912.72351588,43.84230934,-95.96512730,0.70882458,-1.67219487,2.36650605
913.07348656,43.80687501,-96.31330284,0.70336429,-1.67224240,2.36678846
913.42345723,43.77142405,-96.66147659,0.69787020,-1.67229044,2.36706975
913.77342790,43.73595628,-97.00964852,0.69234538,-1.67233901,2.36734990
914.12339858,43.70047152,-97.35781862,0.68679277,-1.67238809,2.36762892
914.47336925,43.66496959,-97.70598687,0.68121520,-1.67243769,2.36790681
914.82333992,43.62945031,-98.05415325,0.67561553,-1.67248781,2.36818356
915.17331060,43.59391351,-98.40231774,0.66999658,-1.67253845,2.36845918
915.52328127,43.55835899,-98.75048032,0.66436120,-1.67258961,2.36873366
915.87325194,43.52278658,-99.09864097,0.65871222,-1.67264128,2.36900701
916.22322262,43.48719610,-99.44679968,0.65305248,-1.67269348,2.36927921
916.57319329,43.45158737,-99.79495641,0.64738482,-1.67274619,2.36955028
916.92316396,43.41596021,-100.14311116,0.64171207,-1.67279942,2.36982021
917.27313463,43.38031443,-100.49126390,0.63603708,-1.67285317,2.37008900
917.62310531,43.34464986,-100.83941461,0.63036268,-1.67290743,2.37035665
917.97307598,43.30896632,-101.18756328,0.62469171,-1.67296222,2.37062316
918.32304665,43.27326363,-101.53570988,0.61902701,-1.67301752,2.37088853
918.67301733,43.23754161,-101.88385440,0.61337142,-1.67307334,2.37115275
919.02298800,43.20180007,-102.23199681,0.60772776,-1.67312968,2.37141583
919.37295867,43.16603883,-102.58013710,0.60209889,-1.67318654,2.37167776
919.72292935,43.13025772,-102.92827525,0.59648764,-1.67324391,2.37193855
920.07290002,43.09445656,-103.27641123,0.59089685,-1.67330181,2.37219819
920.42287069,43.05863516,-103.62454504,0.58532935,-1.67336022,2.37245668
920.77284137,43.02279335,-103.97267664,0.57978798,-1.67341915,2.37271402
921.12281204,42.98693094,-104.32080602,0.57427559,-1.67347860,2.37297022
921.47278271,42.95104775,-104.66893316,0.56879500,-1.67353857,2.37322526
921.82275339,42.91514361,-105.01705804,0.56334906,-1.67359905,2.37347916
922.17272406,42.87921833,-105.36518064,0.55794060,-1.67366006,2.37373190
922.52269473,42.84327174,-105.71330095,0.55257247,-1.67372158,2.37398349
922.87266541,42.80730365,-106.06141893,0.54724750,-1.67378362,2.37423393
923.22263608,42.77131387,-106.40953458,0.54196852,-1.67384618,2.37448321
923.57260675,42.73530225,-106.75764787,0.53673838,-1.67390926,2.37473133
923.92257743,42.69926858,-107.10575879,0.53155992,-1.67397285,2.37497830
924.27254810,42.66321269,-107.45386731,0.52643597,-1.67403697,2.37522412
924.62251877,42.62713441,-107.80197341,0.52136936,-1.67410160,2.37546877
924.97248945,42.59103354,-108.15007708,0.51636295,-1.67416675,2.37571227
925.32246012,42.55490992,-108.49817829,0.51141956,-1.67423242,2.37595461
925.67243079,42.51876336,-108.84627703,0.50654203,-1.67429861,2.37619579
926.02240147,42.48259367,-109.19437328,0.50173320,-1.67436531,2.37643580
926.37237214,42.44640068,-109.54246702,0.49699592,-1.67443254,2.37667466
926.72234281,42.41018422,-109.89055822,0.49233277,-1.67450028,2.37691235
927.07231349,42.37394409,-110.23864688,0.48774457,-1.67456854,2.37714888
927.42228416,42.33768012,-110.58673296,0.48323136,-1.67463732,2.37738425
927.77225483,42.30139213,-110.93481645,0.47879315,-1.67470662,2.37761844
928.12222551,42.26507993,-111.28289733,0.47442997,-1.67477643,2.37785148
928.47219618,42.22874336,-111.63097559,0.47014182,-1.67484676,2.37808334
928.82216685,42.19238222,-111.97905119,0.46592874,-1.67491762,2.37831404
929.17213753,42.15599633,-112.32712413,0.46179074,-1.67498899,2.37854357
929.52210820,42.11958552,-112.67519438,0.45772785,-1.67506088,2.37877193
929.87207887,42.08314961,-113.02326192,0.45374008,-1.67513328,2.37899912
930.22204955,42.04668842,-113.37132674,0.44982745,-1.67520621,2.37922514
930.57202022,42.01020176,-113.71938881,0.44599000,-1.67527965,2.37944999
930.92199089,41.97368945,-114.06744812,0.44222772,-1.67535361,2.37967366
931.27196157,41.93715132,-114.41550464,0.43854066,-1.67542809,2.37989616
931.62193224,41.90058718,-114.76355835,0.43492882,-1.67550309,2.38011749
931.97190291,41.86399686,-115.11160925,0.43139222,-1.67557861,2.38033764
932.32187359,41.82738017,-115.45965730,0.42793090,-1.67565464,2.38055661
932.67184426,41.79073693,-115.80770249,0.42454486,-1.67573120,2.38077441
933.02181493,41.75406697,-116.15574479,0.42123413,-1.67580827,2.38099103
933.37178561,41.71737009,-116.50378420,0.41799874,-1.67588586,2.38120647
933.72175628,41.68064613,-116.85182068,0.41483869,-1.67596397,2.38142073
934.07172695,41.64389491,-117.19985422,0.41175401,-1.67604259,2.38163381
934.42169762,41.60711623,-117.54788481,0.40874472,-1.67612174,2.38184571
934.77166830,41.57030993,-117.89591242,0.40581084,-1.67620140,2.38205643
935.12163897,41.53347581,-118.24393702,0.40295239,-1.67628158,2.38226597
935.47160964,41.49661371,-118.59195861,0.40016939,-1.67636228,2.38247432
935.82158032,41.45972343,-118.93997716,0.39746187,-1.67644350,2.38268148
936.17155099,41.42280481,-119.28799266,0.39482984,-1.67652524,2.38288746
936.52152166,41.38585766,-119.63600508,0.39227332,-1.67660749,2.38309226
936.87149234,41.34888179,-119.98401440,0.38979234,-1.67669027,2.38329587
937.22146301,41.31187703,-120.33202061,0.38738691,-1.67677356,2.38349829
937.57143368,41.27484321,-120.68002368,0.38505705,-1.67685737,2.38369952
937.92140436,41.23778013,-121.02802360,0.38280279,-1.67694169,2.38389956
938.27137503,41.20068761,-121.37602035,0.38062414,-1.67702654,2.38409841
938.62134570,41.16356549,-121.72401390,0.37852113,-1.67711191,2.38429607
938.97131638,41.12641357,-122.07200424,0.37649378,-1.67719779,2.38449254
939.32128705,41.08923168,-122.41999135,0.37454210,-1.67728419,2.38468781
939.67125772,41.05201964,-122.76797520,0.37266588,-1.67737111,2.38488189
940.02122840,41.01477726,-123.11595579,0.37086402,-1.67745855,2.38507478
940.37119907,40.97750437,-123.46393309,0.36913522,-1.67754650,2.38526647
940.72116974,40.94020078,-123.81190707,0.36747818,-1.67763498,2.38545696
941.07114042,40.90286632,-124.15987773,0.36589163,-1.67772397,2.38564626
941.42111109,40.86550080,-124.50784504,0.36437425,-1.67781348,2.38583436
941.77108176,40.82810405,-124.85580898,0.36292476,-1.67790351,2.38602126
942.12105244,40.79067588,-125.20376954,0.36154186,-1.67799406,2.38620696
942.47102311,40.75321611,-125.55172669,0.36022425,-1.67808512,2.38639146
942.82099378,40.71572457,-125.89968041,0.35897065,-1.67817671,2.38657475
943.17096446,40.67820107,-126.24763068,0.35777975,-1.67826881,2.38675685
943.52093513,40.64064544,-126.59557749,0.35665026,-1.67836143,2.38693774
943.87090580,40.60305748,-126.94352082,0.35558089,-1.67845457,2.38711743
944.22087648,40.56543703,-127.29146064,0.35457034,-1.67854823,2.38729592
944.57084715,40.52778390,-127.63939694,0.35361732,-1.67864240,2.38747319
944.92081782,40.49009792,-127.98732969,0.35272053,-1.67873710,2.38764927
945.27078850,40.45237889,-128.33525889,0.35187868,-1.67883231,2.38782413
945.62075917,40.41462664,-128.68318450,0.35109047,-1.67892804,2.38799779
945.97072984,40.37684100,-129.03110651,0.35035461,-1.67902429,2.38817024
946.32070052,40.33902177,-129.37902490,0.34966981,-1.67912105,2.38834147
946.67067119,40.30116878,-129.72693965,0.34903476,-1.67921834,2.38851150
947.02064186,40.26328186,-130.07485074,0.34844818,-1.67931614,2.38868032
947.37061254,40.22536081,-130.42275815,0.34790876,-1.67941446,2.38884792
947.72058321,40.18740546,-130.77066186,0.34741523,-1.67951330,2.38901431
948.07055388,40.14941563,-131.11856185,0.34696627,-1.67961266,2.38917949
948.42052456,40.11139114,-131.46645811,0.34656060,-1.67971254,2.38934345
948.77049523,40.07333180,-131.81435061,0.34619691,-1.67981293,2.38950619
949.12046590,40.03523744,-132.16223934,0.34587393,-1.67991384,2.38966772
949.47043658,39.99710788,-132.51012426,0.34559034,-1.68001528,2.38982803
949.82040725,39.95894294,-132.85800538,0.34534487,-1.68011722,2.38998713
950.17037792,39.92074243,-133.20588266,0.34513620,-1.68021969,2.39014500
950.52034860,39.88250618,-133.55375608,0.34496305,-1.68032268,2.39030165
950.87031927,39.84423400,-133.90162563,0.34482413,-1.68042618,2.39045709
951.22028994,39.80592572,-134.24949129,0.34471813,-1.68053020,2.39061130
951.57026062,39.76758116,-134.59735304,0.34464376,-1.68063475,2.39076429
951.92023129,39.72920013,-134.94521085,0.34459973,-1.68073980,2.39091606
952.27020196,39.69078245,-135.29306472,0.34458475,-1.68084538,2.39106660
952.62017263,39.65232795,-135.64091461,0.34459757,-1.68095148,2.39121592
952.97014331,39.61383644,-135.98876051,0.34463707,-1.68105809,2.39136401
953.32011398,39.57530774,-136.33660240,0.34470211,-1.68116522,2.39151087
953.67008465,39.53674168,-136.68444027,0.34479158,-1.68127287,2.39165651
954.02005533,39.49813807,-137.03227408,0.34490434,-1.68138104,2.39180092
954.37002600,39.45949673,-137.38010383,0.34503929,-1.68148972,2.39194410
954.71999667,39.42081749,-137.72792949,0.34519529,-1.68159893,2.39208605
955.06996735,39.38210015,-138.07575105,0.34537121,-1.68170865,2.39222677
955.41993802,39.34334455,-138.42356847,0.34556595,-1.68181889,2.39236626
955.76990869,39.30455050,-138.77138176,0.34577837,-1.68192965,2.39250451
956.11987937,39.26571782,-139.11919087,0.34600734,-1.68204093,2.39264153
956.46985004,39.22684633,-139.46699581,0.34625176,-1.68215272,2.39277732
956.81982071,39.18793584,-139.81479653,0.34651049,-1.68226504,2.39291187
957.16979139,39.14935980,-140.16265458,0.34678240,-1.67889827,2.39304519
957.51976206,39.11241709,-140.51078525,0.34706639,-1.67436418,2.39317727
957.86973273,39.07680813,-140.85914218,0.34736131,-1.67118643,2.39330811
958.21970341,39.04206384,-141.20765117,0.34766606,-1.66936350,2.39343771
958.56967408,39.00771518,-141.55623802,0.34797949,-1.66889437,2.39356608
958.91964475,38.97329308,-141.90482853,0.34830051,-1.66977867,2.39369320
959.26961543,38.93832850,-142.25334852,0.34862797,-1.67201661,2.39381909
959.61958610,38.90235238,-142.60172378,0.34896075,-1.67560904,2.39394373
959.96955677,38.86489567,-142.94988011,0.34929774,-1.68055723,2.39406713
960.31952745,38.82548930,-143.29774332,0.34963781,-1.68686273,2.39418928
960.66949812,38.78366422,-143.64523922,0.34997983,-1.69452710,2.39431019
961.01946879,38.73895138,-143.99229359,0.35032268,-1.70355152,2.39442986
961.36943947,38.69088172,-144.33883226,0.35066524,-1.71393641,2.39454828
961.71941014,38.63898618,-144.68478101,0.35100638,-1.72568089,2.39466545
962.06938081,38.58279572,-145.03006566,0.35134499,-1.73878224,2.39478138
962.41935149,38.52184127,-145.37461201,0.35167993,-1.75323522,2.39489606
962.76932216,38.45690312,-145.71880485,0.35201008,-1.76146020,2.39500948
963.11929283,38.38847756,-146.06278367,0.35233433,-1.77361759,2.39512166
963.46926351,38.31505803,-146.40586682,0.35265154,-1.79038534,2.39523259
963.81923418,38.23513066,-146.74736983,0.35296060,-1.81180359,2.39534226
964.16920485,38.14718162,-147.08660820,0.35326038,-1.83791862,2.39545069
964.51917553,38.04969705,-147.42289744,0.35354975,-1.86876890,2.39555785
964.86914620,37.94116311,-147.75555308,0.35382760,-1.90436766,2.39566377
965.21911687,37.82066345,-148.08415308,0.35409280,-1.93652752,2.39576843
965.56908755,37.69133520,-148.40990803,0.35434444,-1.96102356,2.39587183
965.91905822,37.55381578,-148.73268464,0.35458179,-1.98620643,2.39597398
966.26902889,37.40801895,-149.05201203,0.35480412,-2.01212850,2.39607486
966.61899957,37.25385852,-149.36741933,0.35501072,-2.03884118,2.39617449
966.96897024,37.09124828,-149.67843566,0.35520086,-2.06639449,2.39627286
967.31894091,36.92010201,-149.98459013,0.35537382,-2.09483663,2.39636997
967.66891159,36.74033352,-150.28541189,0.35552888,-2.12421329,2.39646582
968.01888226,36.55180746,-150.58039809,0.35566533,-2.15658859,2.39656041
968.36885293,36.35247597,-150.86787383,0.35578243,-2.19666969,2.39665373
968.71882361,36.14245552,-151.14778360,0.35587947,-2.23143471,2.39674579
969.06879428,35.92334666,-151.42107499,0.35595573,-2.26086852,2.39683659
969.41876495,35.69674994,-151.68869555,0.35601049,-2.28500100,2.39692612
969.76873563,35.46426591,-151.95159288,0.35604302,-2.30388197,2.39701438
970.11870630,35.22749512,-152.21071454,0.35605261,-2.31756108,2.39710138
970.46867697,34.98803810,-152.46700811,0.35603853,-2.32607260,2.39718711
970.81864764,34.74735218,-152.72137235,0.35600006,-2.33212774,2.39727157
971.16861832,34.50426065,-152.97353745,0.35593649,-2.34397568,2.39735476
971.51858899,34.25778549,-153.22269251,0.35584708,-2.35795506,2.39743669
971.86855966,34.00754457,-153.46815223,0.35573113,-2.37408393,2.39751733
972.21853034,33.75315573,-153.70923131,0.35558790,-2.39238230,2.39759671
972.56850101,33.49423685,-153.94524443,0.35541669,-2.41286984,2.39767482
972.91847168,33.23040576,-154.17550630,0.35521675,-2.43556337,2.39775165
973.26844236,32.96128034,-154.39933162,0.35498739,-2.46047382,2.39782721
973.61841303,32.68668732,-154.61637352,0.35472787,-2.48168993,2.39790149
973.96838370,32.40841628,-154.82936172,0.35443747,-2.49520029,2.39797449
974.31835438,32.12684734,-155.03854135,0.35411548,-2.51036871,2.39804622
974.66832505,31.84183354,-155.24328298,0.35376117,-2.52721791,2.39811667
975.01829572,31.55322793,-155.44295715,0.35337382,-2.54577265,2.39818584
975.36826640,31.26088355,-155.63693442,0.35295270,-2.56605831,2.39825373
975.71823707,30.96465346,-155.82458532,0.35249711,-2.58809931,2.39832034
976.06820774,30.66439070,-156.00528041,0.35200632,-2.61191725,2.39838567
976.41817842,30.35994831,-156.17839024,0.35147960,-2.63752887,2.39844972
976.76814909,30.05117934,-156.34328535,0.35091624,-2.66494370,2.39851248
977.11811976,29.73793976,-156.49938926,0.35031551,-2.69348598,2.39857397
977.46809044,29.42034561,-156.64674757,0.34967670,-2.72056968,2.39863416
977.81806111,29.09880456,-156.78580811,0.34899908,-2.74594903,2.39869307
978.16803178,28.77373586,-156.91702531,0.34828200,-2.76963877,2.39875070
978.51800246,28.44555875,-157.04085358,0.34752534,-2.79165967,2.39880703
978.86797313,28.11469247,-157.15774735,0.34672930,-2.81203641,2.39886208
979.21794380,27.78155626,-157.26816104,0.34589407,-2.83079584,2.39891584
979.56791448,27.44656937,-157.37254907,0.34501986,-2.84796531,2.39896831
979.91788515,27.11015103,-157.47136585,0.34410685,-2.86357135,2.39901949
980.26785582,26.77271673,-157.56507125,0.34315524,-2.87736007,2.39906938
980.61782650,26.43403796,-157.65473240,0.34216523,-2.88853737,2.39911798
980.96779717,26.09383498,-157.74039478,0.34113702,-2.90162560,2.39916528
981.31776784,25.75220456,-157.82132957,0.34007080,-2.91664453,2.39921129
981.66773852,25.40924349,-157.89680798,0.33896676,-2.93361806,2.39925600
982.01770919,25.06504854,-157.96610118,0.33782510,-2.95257259,2.39929942
982.36767986,24.71971648,-158.02848038,0.33664602,-2.97353512,2.39934155
982.71765054,24.37334409,-158.08321676,0.33542971,-2.99653106,2.39938237
983.06762121,24.02602814,-158.12958151,0.33417637,-3.02158166,2.39942190
983.41759188,23.67786540,-158.16684583,0.33288620,-3.04870109,2.39946013
983.76756256,23.32895266,-158.19428090,0.33155939,-3.07789323,2.39949706
984.11753323,22.97943043,-158.21057209,0.33019613,-3.11407381,2.39953268
984.46750390,22.62959409,-158.21376514,0.32879662,3.13303847,2.39956701
984.81747458,22.27963246,-158.20507859,0.32736106,3.10123059,2.39960003
985.16744525,21.92972051,-158.18599243,0.32588965,3.07368505,2.39963175
985.51741592,21.58003322,-158.15798668,0.32438257,3.05037104,2.39966217
985.86738660,21.23074557,-158.12254136,0.32284003,3.03124470,2.39969128
986.21735727,20.88203252,-158.08113645,0.32126222,3.01626148,2.39971909
986.56732794,20.53406906,-158.03525199,0.31964933,3.00538586,2.39974559
986.91729862,20.18703016,-157.98636796,0.31800157,2.99859887,2.39977078
987.26726929,19.84087977,-157.93417634,0.31631913,2.98388052,2.39979467
987.61723996,19.49544879,-157.87631095,0.31460220,2.96730742,2.39981724
987.96721063,19.15091285,-157.81265661,0.31285098,2.95044111,2.39983851
988.31718131,18.80745265,-157.74313670,0.31106566,2.93326779,2.39985846
988.66715198,18.46524892,-157.66767457,0.30924645,2.91577383,2.39987710
989.01712265,18.12448237,-157.58619360,0.30739353,2.89794594,2.39989443
989.36709333,17.78533374,-157.49861715,0.30550711,2.87977111,2.39991045
989.71706400,17.44798374,-157.40486859,0.30358737,2.86123674,2.39992515
990.06703467,17.11266284,-157.30469469,0.30163452,2.84042914,2.39993854
990.41700535,16.77966509,-157.19738178,0.29964875,2.81967035,2.39995061
990.76697602,16.44879703,-157.08359221,0.29763025,2.80145846,2.39996137
991.11694669,16.11980452,-156.96417967,0.29557941,2.78579850,2.39997081
991.46691737,15.79243347,-156.83999786,0.29349740,2.77268867,2.39997893
991.81688804,15.46642976,-156.71190047,0.29138563,2.76212332,2.39998573
992.16685871,15.14153926,-156.58074120,0.28924549,2.75409555,2.39999121
992.51682939,14.81750787,-156.44737375,0.28707838,2.74859925,2.39999537
992.86680006,14.49408147,-156.31265180,0.28488571,2.74563062,2.39999821
993.21677073,14.17100595,-156.17742906,0.28266889,2.74518922,2.39999972
993.56674141,13.84796778,-156.04258925,0.28042930,2.74796800,2.40000000
993.91671208,13.52427989,-155.90874957,0.27816835,2.75049303,2.40000000
994.26668275,13.20026996,-155.77508413,0.27588744,2.74959064,2.40000000
994.61665343,12.87652061,-155.64053473,0.27358798,2.74526464,2.40000000
994.96662410,12.55361452,-155.50404323,0.27127136,2.73751144,2.40000000
995.31659477,12.23213431,-155.36455145,0.26893899,2.72632159,2.40000000
995.66656545,11.91266264,-155.22100122,0.26659227,2.71168245,2.40000000
996.01653612,11.59578216,-155.07233437,0.26423259,2.69358224,2.40000000
996.36650679,11.28207552,-154.91749272,0.26186136,2.67201517,2.40000000
996.71647747,10.97212535,-154.75541813,0.25947998,2.64698804,2.40000000
997.06644814,10.66656186,-154.58500818,0.25708986,2.61698578,2.40000000
997.41641881,10.36689250,-154.40465944,0.25469238,2.58362225,2.40000000
997.76638949,10.07285261,-154.21524369,0.25228896,2.55596868,2.40000000
998.11636016,9.78341307,-154.01847285,0.24988100,2.53404861,2.40000000
998.46633083,9.49754474,-153.81605885,0.24746989,2.51785120,2.40000000
998.81630151,9.21421851,-153.60971358,0.24505704,2.50735278,2.40000000
999.16627218,8.93240525,-153.40114899,0.24264385,2.50253267,2.40000000
999.51624285,8.65107584,-153.19207697,0.24023172,2.50338334,2.40000000
999.86621353,8.36920114,-152.98420945,0.23782205,2.50991502,2.40000000
1000.21618420,8.08595171,-152.77846274,0.23541624,2.51598367,2.40000000
1000.56615487,7.80167183,-152.57372768,0.23301569,2.51835022,2.40000000
1000.91612555,7.51713299,-152.36910690,0.23062181,2.51737757,2.40000000
1001.26609622,7.23310729,-152.16371483,0.22823600,2.51306736,2.40000000
1001.61606689,6.95036685,-151.95666586,0.22585965,2.50541550,2.40000000
1001.96603757,6.66968375,-151.74707441,0.22349417,2.49441357,2.40000000
1002.31600824,6.39183012,-151.53405489,0.22114096,2.48005134,2.40000000
1002.66597891,6.11757803,-151.31672170,0.21880142,2.46232057,2.40000000
1003.01594959,5.84769961,-151.09418926,0.21647695,2.44121976,2.40000000
1003.36592026,5.58296695,-150.86557197,0.21416895,2.41676031,2.40000000
1003.71589093,5.32373371,-150.63050410,0.21187883,2.39634838,2.40000000
1004.06586161,5.06819250,-150.39129997,0.20960798,2.38215031,2.40000000
1004.41583228,4.81595217,-150.14850772,0.20735783,2.36849678,2.40000000
1004.76580295,4.56692230,-149.90230146,0.20512976,2.35538600,2.40000000
1005.11577363,4.32101245,-149.65285527,0.20292521,2.34281558,2.40000000
1005.46574430,4.07813220,-149.40034324,0.20074557,2.33078257,2.40000000
1005.81571497,3.83819114,-149.14493947,0.19859226,2.31928366,2.40000000
1006.16568564,3.60109882,-148.88681805,0.19646668,2.30831520,2.40000000
1006.51565632,3.36676484,-148.62615307,0.19437024,2.29787338,2.40000000
1006.86562699,3.13509876,-148.36311862,0.19230436,2.28795425,2.40000000
1007.21559766,2.90601016,-148.09788880,0.19027045,2.27855384,2.40000000
1007.56556834,2.67940861,-147.83063770,0.18826991,2.26966825,2.40000000
1007.91553901,2.45520369,-147.56153941,0.18630416,2.26129370,2.40000000
1008.26550968,2.23330497,-147.29076802,0.18437459,2.25342657,2.40000000
1008.61548036,2.01465902,-147.01751126,0.18248264,2.23791219,2.40000000
1008.96545103,1.80014291,-146.74096893,0.18062969,2.22336170,2.40000000
1009.31542170,1.58949067,-146.46140018,0.17881717,2.20986963,2.40000000
1009.66539238,1.38243618,-146.17906430,0.17704648,2.19743491,2.40000000
1010.01536305,1.17871332,-145.89422058,0.17531903,2.18605522,2.40000000
1010.36533372,0.97805597,-145.60712831,0.17363624,2.17572741,2.40000000
1010.71530440,0.78019803,-145.31804676,0.17199951,2.16644791,2.40000000
1011.06527507,0.58487338,-145.02723523,0.17041025,2.15821303,2.40000000
1011.41524574,0.39181589,-144.73495300,0.16886987,2.15101929,2.40000000
1011.76521642,0.20075946,-144.44145936,0.16737978,2.14486368,2.40000000
1012.11518709,0.01143796,-144.14701348,0.16594140,2.13972667,2.40000000
1012.46515776,-0.17630868,-143.85157010,0.16455612,2.13392505,2.40000000
1012.81512844,-0.36228303,-143.55486698,0.16322537,2.12732380,2.40000000
1013.16509911,-0.54621324,-143.25680756,0.16195054,2.11992063,2.40000000
1013.51506978,-0.72782744,-142.95729527,0.16073306,2.11171287,2.40000000
1013.86504046,-0.90685377,-142.65623357,0.15957432,2.10269763,2.40000000
1014.21501113,-1.08302039,-142.35352589,0.15847575,2.09287194,2.40000000
1014.56498180,-1.25605543,-142.04907567,0.15743874,2.08223293,2.40000000
1014.91495248,-1.42568703,-141.74278635,0.15646471,2.07077805,2.40000000
1015.26492315,-1.59164333,-141.43456138,0.15555508,2.05850526,2.40000000
1015.61489382,-1.75365248,-141.12430420,0.15471124,2.04541323,2.40000000
1015.96486450,-1.91144262,-140.81191824,0.15393460,2.03150165,2.40000000
1016.31483517,-2.06461963,-140.49729141,0.15322659,2.01639936,2.40000000
1016.66480584,-2.21320825,-140.18050603,0.15258858,2.00258779,2.40000000
1017.01477652,-2.35763437,-139.86177638,0.15202126,1.99014120,2.40000000
1017.36474719,-2.49832446,-139.54131691,0.15152448,1.97906095,2.40000000
1017.71471786,-2.63570498,-139.21934204,0.15109802,1.96934665,2.40000000
1018.06468854,-2.77020240,-138.89606622,0.15074168,1.96099679,2.40000000
1018.41465921,-2.90224316,-138.57170388,0.15045525,1.95400924,2.40000000
1018.76462988,-3.03225374,-138.24646947,0.15023854,1.94838175,2.40000000
1019.11460056,-3.16066060,-137.92057741,0.15009133,1.94411232,2.40000000
1019.46457123,-3.28789020,-137.59424215,0.15001341,1.94119955,2.40000000
1019.81454190,-3.41436901,-137.26767813,0.15000459,1.93964280,2.40000000
1020.16451258,-3.54052348,-136.94109978,0.15006466,1.93944242,2.40000000
1020.51448325,-3.66655483,-136.61458594,0.15019341,1.93811025,2.40000000
1020.86445392,-3.79178907,-136.28772868,0.15039063,1.93520315,2.40000000
1021.21442460,-3.91601969,-135.96045066,0.15065613,1.93189571,2.40000000
1021.56439527,-4.03910928,-135.63271833,0.15098969,1.92818762,2.40000000
1021.91436594,-4.16092041,-135.30449810,0.15139111,1.92407850,2.40000000
1022.26433662,-4.28131569,-134.97575640,0.15186018,1.91956793,2.40000000
1022.61430729,-4.40015769,-134.64645966,0.15239670,1.91465546,2.40000000
1022.96427796,-4.51730900,-134.31657432,0.15300047,1.90934067,2.40000000
1023.31424864,-4.63263221,-133.98606680,0.15367127,1.90362314,2.40000000
1023.66421931,-4.74598992,-133.65490354,0.15440890,1.89750250,2.40000000
1024.01418998,-4.85724470,-133.32305096,0.15521316,1.89097847,2.40000000
1024.36416065,-4.96625914,-132.99047549,0.15608383,1.88405088,2.40000000
1024.71413133,-5.07289584,-132.65714356,0.15702073,1.87671969,2.40000000
1025.06410200,-5.17707673,-132.32303512,0.15802363,1.87022054,2.40000000
1025.41407267,-5.27970555,-131.98836038,0.15909233,1.86637107,2.40000000
1025.76404335,-5.38097049,-131.65318238,0.16022663,1.86192946,2.40000000
1026.11401402,-5.48066186,-131.31747570,0.16142633,1.85689487,2.40000000
1026.46398469,-5.57856998,-130.98121492,0.16269121,1.85126624,2.40000000
1026.81395537,-5.67448516,-130.64437461,0.16402107,1.84504237,2.40000000
1027.16392604,-5.76819771,-130.30692934,0.16541571,1.83822197,2.40000000
1027.51389671,-5.85949795,-129.96885368,0.16687492,1.83080371,2.40000000
1027.86386739,-5.94817618,-129.63012222,0.16839849,1.82278634,2.40000000
1028.21383806,-6.03402274,-129.29070953,0.16998622,1.81416870,2.40000000
1028.56380873,-6.11682792,-128.95059018,0.17163790,1.80494987,2.40000000
1028.91377941,-6.19638204,-128.60973874,0.17335333,1.79512922,2.40000000
1029.26375008,-6.27247541,-128.26812980,0.17513231,1.78470655,2.40000000
1029.61372075,-6.34489836,-127.92573792,0.17697455,1.77368214,2.40000000
1029.96369143,-6.41261230,-127.58243048,0.17887906,1.75734204,2.40000000
1030.31366210,-6.47490052,-127.23814159,0.18084436,1.74253767,2.40000000
1030.66363277,-6.53242314,-126.89299843,0.18286895,1.72966846,2.40000000
1031.01360345,-6.58584456,-126.54712878,0.18495134,1.71873615,2.40000000
1031.36357412,-6.63582915,-126.20066038,0.18709004,1.70973985,2.40000000
1031.71354479,-6.68304130,-125.85372101,0.18928357,1.70267726,2.40000000
1032.06351547,-6.72814541,-125.50643842,0.19153042,1.69754572,2.40000000
1032.41348614,-6.77180585,-125.15894039,0.19382912,1.69434295,2.40000000
1032.76345681,-6.81468702,-124.81135466,0.19617817,1.69306767,2.40000000
1033.11342749,-6.85745331,-124.46380901,0.19857608,1.69371990,2.40000000
1033.46339816,-6.90076909,-124.11643119,0.20102135,1.69630116,2.40000000
1033.81336883,-6.94495952,-123.76923914,0.20351251,1.69796192,2.40000000
1034.16333951,-6.98945710,-123.42203572,0.20604805,1.69846099,2.40000000
1034.51331018,-7.03402928,-123.07479861,0.20862649,1.69836023,2.40000000
1034.86328085,-7.07846615,-122.72751406,0.21124634,1.69765983,2.40000000
1035.21325153,-7.12255778,-122.38016833,0.21390611,1.69635982,2.40000000
1035.56322220,-7.16609426,-122.03274768,0.21660430,1.69446012,2.40000000
1035.91319287,-7.20886568,-121.68523837,0.21933943,1.69196054,2.40000000
1036.26316355,-7.25066212,-121.33762666,0.22211000,1.68886081,2.40000000
1036.61313422,-7.29127366,-120.98989881,0.22491453,1.68516057,2.40000000
1036.96310489,-7.33049038,-120.64204107,0.22775152,1.68085945,2.40000000
1037.31307557,-7.36810237,-120.29403971,0.23061949,1.67595708,2.40000000
1037.66304624,-7.40389971,-119.94588099,0.23351694,1.67045317,2.40000000
1038.01301691,-7.43767248,-119.59755115,0.23644238,1.66434750,2.40000000
1038.36298759,-7.46921078,-119.24903647,0.23939433,1.65764006,2.40000000
1038.71295826,-7.49830467,-118.90032319,0.24237129,1.65033105,2.40000000
1039.06292893,-7.52474425,-118.55139759,0.24537177,1.64242099,2.40000000
1039.41289961,-7.54831959,-118.20224591,0.24839428,1.63391078,2.40000000
1039.76287028,-7.56856924,-117.85289430,0.25143733,1.62344095,2.40000000
1040.11284095,-7.58525661,-117.50340314,0.25449943,1.61374032,2.40000000
1040.46281163,-7.59872664,-117.15378640,0.25757910,1.60503653,2.40000000
1040.81278230,-7.60932812,-116.80405766,0.26067483,1.59733092,2.40000000
1041.16275297,-7.61740981,-116.45423049,0.26378514,1.59062401,2.40000000
1041.51272364,-7.62332049,-116.10431845,0.26690853,1.58491581,2.40000000
1041.86269432,-7.62740895,-115.75433510,0.27004353,1.58020594,2.40000000
1042.21266499,-7.63002395,-115.40429402,0.27318863,1.57649387,2.40000000
1042.56263566,-7.63151427,-115.05420877,0.27634241,1.57377900,2.40000000
1042.91260634,-7.63222870,-114.70409292,0.27950371,1.57206083,2.40000000
1043.26257701,-7.63251600,-114.35396003,0.28267151,1.57133898,2.40000000
1043.61254768,-7.63272496,-114.00382367,0.28584477,1.57161329,2.40000000
1043.96251836,-7.63320435,-113.65369740,0.28902244,1.57288382,2.40000000
1044.31248903,-7.63430295,-113.30359479,0.29220349,1.57515084,2.40000000
1044.66245970,-7.63636954,-112.95352942,0.29538687,1.57841480,2.40000000
1045.01243038,-7.63975289,-112.60351484,0.29857156,1.58267626,2.40000000
1045.36240105,-7.64478323,-112.25356392,0.30175650,1.58712889,2.40000000
1045.71237172,-7.65043056,-111.90363852,0.30494067,1.58675371,2.40000000
1046.06234240,-7.65596280,-111.55371084,0.30812301,1.58647107,2.40000000
1046.41231307,-7.66141233,-111.20378152,0.31130250,1.58628097,2.40000000
1046.76228374,-7.66681154,-110.85385117,0.31447809,1.58618340,2.40000000
1047.11225442,-7.67219280,-110.50392043,0.31764875,1.58617837,2.40000000
1047.46222509,-7.67758848,-110.15398991,0.32081343,1.58626587,2.40000000
1047.81219576,-7.68303097,-109.80406024,0.32397110,1.58644591,2.40000000
1048.16216644,-7.68855265,-109.45413205,0.32712071,1.58671848,2.40000000
1048.51213711,-7.69418590,-109.10420595,0.33026124,1.58708359,2.40000000
1048.86210778,-7.69996309,-108.75428258,0.33339163,1.58754123,2.40000000
1049.21207846,-7.70591660,-108.40436255,0.33651086,1.58809141,2.40000000
1049.56204913,-7.71207882,-108.05444650,0.33961787,1.58873413,2.40000000
1049.91201980,-7.71848211,-107.70453504,0.34271164,1.58946939,2.40000000
1050.26199048,-7.72515887,-107.35462880,0.34579112,1.59029718,2.40000000
1050.61196115,-7.73214147,-107.00472841,0.34885527,1.59121751,2.40000000
1050.96193182,-7.73945897,-106.65483445,0.35190307,1.59215337,2.40000000
1051.31190250,-7.74705864,-106.30494669,0.35493345,1.59286557,2.40000000
1051.66187317,-7.75489964,-105.95506461,0.35794540,1.59353292,2.40000000
1052.01184384,-7.76296628,-105.60518783,0.36093786,1.59415543,2.40000000
1052.36181452,-7.77124288,-105.25531598,0.36390980,1.59473310,2.40000000
1052.71178519,-7.77971374,-104.90544869,0.36686019,1.59526592,2.40000000
1053.06175586,-7.78836318,-104.55558558,0.36978797,1.59575391,2.40000000
1053.41172654,-7.79717551,-104.20572630,0.37269212,1.59619705,2.40000000
1053.76169721,-7.80613504,-103.85587047,0.37557159,1.59659535,2.40000000
1054.11166788,-7.81522608,-103.50601772,0.37842534,1.59694880,2.40000000
1054.46163856,-7.82443294,-103.15616768,0.38125234,1.59725742,2.40000000
1054.81160923,-7.83373994,-102.80631998,0.38405154,1.59752119,2.40000000
1055.16157990,-7.84313137,-102.45647424,0.38682192,1.59774012,2.40000000
1055.51155058,-7.85259157,-102.10663010,0.38956268,1.59791421,2.40000000
1055.86152125,-7.86210483,-101.75678719,0.39227375,1.59804346,2.40000000
1056.21149192,-7.87165546,-101.40694514,0.39495518,1.59812787,2.40000000
1056.56146260,-7.88122779,-101.05710357,0.39760700,1.59816743,2.40000000
1056.91143327,-7.89080611,-100.70726212,0.40022926,1.59816216,2.40000000
1057.26140394,-7.90037475,-100.35742041,0.40282199,1.59811204,2.40000000
1057.61137462,-7.90991800,-100.00757808,0.40538524,1.59801708,2.40000000
1057.96134529,-7.91942019,-99.65773475,0.40791904,1.59787728,2.40000000
1058.31131596,-7.92886562,-99.30789006,0.41042344,1.59769264,2.40000000
1058.66128664,-7.93823861,-98.95804364,0.41289848,1.59746316,2.40000000
1059.01125731,-7.94752346,-98.60819510,0.41534419,1.59718883,2.40000000
1059.36122798,-7.95670449,-98.25834409,0.41776062,1.59686966,2.40000000
1059.71119865,-7.96576600,-97.90849024,0.42014781,1.59650566,2.40000000
1060.06116933,-7.97469232,-97.55863316,0.42250580,1.59609681,2.40000000
1060.41114000,-7.98346774,-97.20877250,0.42483463,1.59564311,2.40000000
1060.76111067,-7.99207659,-96.85890788,0.42713434,1.59514458,2.40000000
1061.11108135,-8.00050316,-96.50903893,0.42940497,1.59460120,2.40000000
1061.46105202,-8.00873178,-96.15916528,0.43164657,1.59401298,2.40000000
1061.81102269,-8.01674676,-95.80928656,0.43385916,1.59337992,2.40000000
1062.16099337,-8.02470618,-95.45940466,0.43604280,1.59393527,2.40000000
1062.51096404,-8.03293813,-95.10952386,0.43819752,1.59468397,2.40000000
1062.86093471,-8.04141064,-94.75964397,0.44032336,1.59530967,2.40000000
1063.21090539,-8.05008066,-94.40976464,0.44242037,1.59581237,2.40000000
1063.56087606,-8.05890513,-94.05988553,0.44448858,1.59619210,2.40000000
1063.91084673,-8.06784103,-93.71000630,0.44652804,1.59644884,2.40000000
1064.26081741,-8.07684529,-93.36012660,0.44853879,1.59658260,2.40000000
1064.61078808,-8.08587489,-93.01024610,0.45052086,1.59659340,2.40000000
1064.96075875,-8.09488676,-92.66036446,0.45247429,1.59648122,2.40000000
1065.31072943,-8.10383788,-92.31048132,0.45439914,1.59624608,2.40000000
1065.66070010,-8.11268518,-91.96059635,0.45629543,1.59588796,2.40000000
1066.01067077,-8.12138563,-91.61070921,0.45816321,1.59540686,2.40000000
1066.36064145,-8.12989619,-91.26081955,0.46000252,1.59480278,2.40000000
1066.71061212,-8.13817380,-90.91092704,0.46181340,1.59407572,2.40000000
1067.06058279,-8.14617542,-90.56103132,0.46359589,1.59322566,2.40000000
1067.41055347,-8.15385802,-90.21113206,0.46535004,1.59225260,2.40000000
1067.76052414,-8.16117853,-89.86122892,0.46707587,1.59115653,2.40000000
1068.11049481,-8.16809392,-89.51132155,0.46877344,1.58993745,2.40000000
1068.46046549,-8.17456115,-89.16140961,0.47044296,1.58859535,2.40000000
1068.81043616,-8.18053716,-88.81149276,0.47208490,1.58713023,2.40000000
1069.16040683,-8.18597891,-88.46157065,0.47369974,1.58554207,2.40000000
1069.51037751,-8.19084336,-88.11164296,0.47528797,1.58383089,2.40000000
1069.86034818,-8.19508747,-87.76170932,0.47685006,1.58199669,2.40000000
1070.21031885,-8.19866818,-87.41176940,0.47838650,1.58003947,2.40000000
1070.56028953,-8.20154245,-87.06182287,0.47989778,1.57795925,2.40000000
1070.91026020,-8.20366725,-86.71186937,0.48138438,1.57575604,2.40000000
1071.26023087,-8.20499951,-86.36190856,0.48284677,1.57342988,2.40000000
1071.61020155,-8.20551737,-86.01193977,0.48428545,1.57150981,2.40000000
1071.96017222,-8.20572651,-85.66195453,0.48570090,1.57126002,2.40000000
1072.31014289,-8.20582938,-85.31195119,0.48709360,1.57090253,2.40000000
1072.66011357,-8.20578828,-84.96193224,0.48846403,1.57043734,2.40000000
1073.01008424,-8.20556550,-84.61190019,0.48981268,1.56986445,2.40000000
1073.36005491,-8.20512333,-84.26185752,0.49114003,1.56918387,2.40000000
1073.71002559,-8.20442406,-83.91180673,0.49244656,1.56839559,2.40000000
1074.05999626,-8.20342999,-83.56175033,0.49373276,1.56749961,2.40000000
1074.40996693,-8.20210340,-83.21169080,0.49499911,1.56649590,2.40000000
1074.75993761,-8.20040658,-82.86163066,0.49624609,1.56538446,2.40000000
1075.10990828,-8.19830184,-82.51157239,0.49747419,1.56416527,2.40000000
1075.45987895,-8.19575146,-82.16151848,0.49868389,1.56283830,2.40000000
1075.80984963,-8.19271772,-81.81147145,0.49987567,1.56140354,2.40000000
1076.15982030,-8.18916294,-81.46143379,0.50105002,1.55986095,2.40000000
1076.50979097,-8.18504938,-81.11140798,0.50220742,1.55821052,2.40000000
1076.85976164,-8.18033936,-80.76139654,0.50334835,1.55645222,2.40000000
1077.20973232,-8.17499516,-80.41140196,0.50447329,1.55458602,2.40000000
1077.55970299,-8.16897906,-80.06142673,0.50558274,1.55261190,2.40000000
1077.90967366,-8.16225337,-79.71147335,0.50667717,1.55052984,2.40000000
1078.25964434,-8.15478037,-79.36154433,0.50775706,1.54833980,2.40000000
1078.60961501,-8.14652236,-79.01164215,0.50882290,1.54604178,2.40000000
1078.95958568,-8.13744163,-78.66176932,0.50987518,1.54363575,2.40000000
1079.30955636,-8.12750047,-78.31192832,0.51091437,1.54112171,2.40000000
1079.65952703,-8.11666116,-77.96212167,0.51194095,1.53849965,2.40000000
1080.00949770,-8.10488601,-77.61235186,0.51295542,1.53576957,2.40000000
1080.35946838,-8.09213731,-77.26262137,0.51395826,1.53293147,2.40000000
1080.70943905,-8.07837734,-76.91293272,0.51494994,1.52998537,2.40000000
1081.05940972,-8.06356840,-76.56328840,0.51593097,1.52693129,2.40000000
1081.40938040,-8.04767278,-76.21369091,0.51690196,1.52376927,2.40000000
1081.75935107,-8.03065277,-75.86414274,0.51786366,1.52049936,2.40000000
1082.10932174,-8.01247584,-75.51464728,0.51881681,1.51721980,2.40000000
1082.45929242,-7.99320298,-75.16521922,0.51976214,1.51419070,2.40000000
1082.80926309,-7.97289031,-74.81586121,0.52070040,1.51126406,2.40000000
1083.15923376,-7.95157366,-74.46657098,0.52163231,1.50843996,2.40000000
1083.50920444,-7.92928891,-74.11734624,0.52255863,1.50571844,2.40000000
1083.85917511,-7.90607190,-73.76818474,0.52348008,1.50309956,2.40000000
1084.20914578,-7.88195848,-73.41908420,0.52439741,1.50058333,2.40000000
1084.55911646,-7.85698452,-73.07004234,0.52531136,1.49816980,2.40000000
1084.90908713,-7.83118587,-72.72105690,0.52622266,1.49585897,2.40000000
1085.25905780,-7.80459838,-72.37212560,0.52713205,1.49365087,2.40000000
1085.60902848,-7.77725790,-72.02324617,0.52804027,1.49154551,2.40000000
1085.95899915,-7.74920030,-71.67441633,0.52894807,1.48954287,2.40000000
1086.30896982,-7.72046143,-71.32563383,0.52985617,1.48764297,2.40000000
1086.65894050,-7.69107714,-70.97689638,0.53076532,1.48584580,2.40000000
1087.00891117,-7.66108329,-70.62820171,0.53167626,1.48415135,2.40000000
1087.35888184,-7.63051573,-70.27954755,0.53258972,1.48255961,2.40000000
1087.70885252,-7.59941032,-69.93093162,0.53350645,1.48107057,2.40000000
1088.05882319,-7.56780291,-69.58235167,0.53442717,1.47968422,2.40000000
1088.40879386,-7.53572935,-69.23380540,0.53535264,1.47840054,2.40000000
1088.75876454,-7.50322551,-68.88529056,0.53628358,1.47721951,2.40000000
1089.10873521,-7.47032724,-68.53680487,0.53722075,1.47614113,2.40000000
1089.45870588,-7.43707039,-68.18834605,0.53816487,1.47516537,2.40000000
1089.80867656,-7.40349081,-67.83991184,0.53911668,1.47429223,2.40000000
1090.15864723,-7.36962437,-67.49149996,0.54007693,1.47352170,2.40000000
1090.50861790,-7.33550691,-67.14310814,0.54104635,1.47285375,2.40000000
1090.85858858,-7.30117430,-66.79473411,0.54202568,1.47228838,2.40000000
1091.20855925,-7.26666238,-66.44637560,0.54301566,1.47182559,2.40000000
1091.55852992,-7.23200702,-66.09803033,0.54401703,1.47146536,2.40000000
1091.90850060,-7.19724406,-65.74969603,0.54503052,1.47120770,2.40000000
1092.25847127,-7.16240936,-65.40137044,0.54605688,1.47105259,2.40000000
1092.60844194,-7.12753878,-65.05305127,0.54709684,1.47100005,2.40000000
1092.95841262,-7.09266817,-64.70473626,0.54815115,1.47105006,2.40000000
1093.30838329,-7.05783338,-64.35642313,0.54922053,1.47120265,2.40000000
1093.65835396,-7.02307028,-64.00810961,0.55030574,1.47145781,2.40000000
1094.00832464,-6.98841471,-63.65979343,0.55140750,1.47181555,2.40000000
1094.35829531,-6.95390254,-63.31147232,0.55252652,1.47227589,2.40000000
1094.70826598,-6.91956961,-62.96314401,0.55366348,1.47283884,2.40000000
1095.05823665,-6.88545178,-62.61480621,0.55481907,1.47350441,2.40000000
1095.40820733,-6.85158491,-62.26645667,0.55599398,1.47427263,2.40000000
1095.75817800,-6.81800485,-61.91809311,0.55718891,1.47514350,2.40000000
1096.10814867,-6.78457215,-61.56972285,0.55840454,1.47506578,2.40000000
1096.45811935,-6.75110108,-61.22135596,0.55964156,1.47495491,2.40000000
1096.80809002,-6.71759125,-60.87299249,0.56090066,1.47484349,2.40000000
1097.15806069,-6.68404249,-60.52463245,0.56218252,1.47473154,2.40000000
1097.50803137,-6.65045461,-60.17627589,0.56348784,1.47461904,2.40000000
1097.85800204,-6.61682741,-59.82792284,0.56481731,1.47450601,2.40000000
1098.20797271,-6.58316072,-59.47957332,0.56617161,1.47439243,2.40000000
1098.55794339,-6.54945434,-59.13122737,0.56755144,1.47427831,2.40000000
1098.90791406,-6.51570810,-58.78288501,0.56895748,1.47416366,2.40000000
1099.25788473,-6.48192179,-58.43454627,0.57039042,1.47404846,2.40000000
1099.60785541,-6.44809524,-58.08621120,0.57185095,1.47393272,2.40000000
1099.95782608,-6.41422826,-57.73787981,0.57333977,1.47381644,2.40000000
1100.30779675,-6.38032065,-57.38955214,0.57485755,1.47369962,2.40000000
1100.65776743,-6.34637224,-57.04122822,0.57640499,1.47358226,2.40000000
1101.00773810,-6.31238283,-56.69290807,0.57798278,1.47346436,2.40000000
1101.35770877,-6.27835225,-56.34459174,0.57959161,1.47334592,2.40000000
1101.70767945,-6.24428029,-55.99627924,0.58123216,1.47322694,2.40000000
1102.05765012,-6.21016678,-55.64797061,0.58290512,1.47310741,2.40000000
1102.40762079,-6.17601152,-55.29966589,0.58461119,1.47298735,2.40000000
1102.75759147,-6.14181433,-54.95136509,0.58635105,1.47286675,2.40000000
1103.10756214,-6.10757503,-54.60306826,0.58812539,1.47274560,2.40000000
1103.45753281,-6.07329342,-54.25477542,0.58993491,1.47262392,2.40000000
1103.80750349,-6.03896932,-53.90648660,0.59178028,1.47250169,2.40000000
1104.15747416,-6.00460255,-53.55820184,0.59366220,1.47237893,2.40000000
1104.50744483,-5.97019290,-53.20992116,0.59558136,1.47225562,2.40000000
1104.85741551,-5.93574020,-52.86164459,0.59753845,1.47213177,2.40000000
1105.20738618,-5.90124427,-52.51337217,0.59953415,1.47200738,2.40000000
1105.55735685,-5.86670490,-52.16510392,0.60156916,1.47188246,2.40000000
1105.90732753,-5.83212192,-51.81683988,0.60364416,1.47175699,2.40000000
1106.25729820,-5.79749514,-51.46858007,0.60575984,1.47163098,2.40000000
1106.60726887,-5.76282437,-51.12032453,0.60791690,1.47150443,2.40000000
1106.95723955,-5.72810942,-50.77207329,0.61011590,1.47137733,2.40000000
1107.30721022,-5.69335011,-50.42382637,0.61235703,1.47124970,2.40000000
1107.65718089,-5.65854625,-50.07558382,0.61464040,1.47112153,2.40000000
1108.00715157,-5.62369765,-49.72734565,0.61696611,1.47099281,2.40000000
1108.35712224,-5.58880413,-49.37911190,0.61933428,1.47086356,2.40000000
1108.70709291,-5.55386549,-49.03088260,0.62174501,1.47073377,2.40000000
1109.05706359,-5.51888156,-48.68265778,0.62419840,1.47060343,2.40000000
1109.40703426,-5.48385214,-48.33443747,0.62669457,1.47047255,2.40000000
1109.75700493,-5.44877704,-47.98622170,0.62923363,1.47034114,2.40000000
1110.10697561,-5.41365609,-47.63801050,0.63181567,1.47020918,2.40000000
1110.45694628,-5.37848909,-47.28980390,0.63444082,1.47007668,2.40000000
1110.80691695,-5.34327585,-46.94160194,0.63710917,1.46994364,2.40000000
1111.15688763,-5.30801619,-46.59340464,0.63982084,1.46981006,2.40000000
1111.50685830,-5.27270992,-46.24521203,0.64257593,1.46967594,2.40000000
1111.85682897,-5.23735686,-45.89702415,0.64537455,1.46954127,2.40000000
1112.20679965,-5.20195681,-45.54884102,0.64821680,1.46940607,2.40000000
1112.55677032,-5.16650959,-45.20066268,0.65110280,1.46927033,2.40000000
1112.90674099,-5.13101501,-44.85248915,0.65403266,1.46913404,2.40000000
1113.25671166,-5.09547289,-44.50432047,0.65700647,1.46899722,2.40000000
1113.60668234,-5.05988304,-44.15615666,0.66002435,1.46885985,2.40000000
1113.95665301,-5.02424526,-43.80799776,0.66308641,1.46872194,2.40000000
1114.30662368,-4.98855938,-43.45984380,0.66619275,1.46858349,2.40000000
1114.65659436,-4.95282521,-43.11169480,0.66934348,1.46844451,2.40000000
1115.00656503,-4.91704256,-42.76355081,0.67253871,1.46830498,2.40000000
1115.35653570,-4.88121123,-42.41541184,0.67577855,1.46816491,2.40000000
1115.70650638,-4.84533106,-42.06727793,0.67906310,1.46802429,2.40000000
1116.05647705,-4.80940184,-41.71914911,0.68239247,1.46788314,2.40000000
1116.40644772,-4.77342339,-41.37102541,0.68576678,1.46774145,2.40000000
1116.75641840,-4.73739552,-41.02290687,0.68918612,1.46759921,2.40000000
1117.10638907,-4.70131805,-40.67479350,0.69265060,1.46745644,2.40000000
1117.45635974,-4.66519079,-40.32668534,0.69616034,1.46731312,2.40000000
1117.80633042,-4.62901356,-39.97858243,0.69971543,1.46716926,2.40000000
1118.15630109,-4.59278615,-39.63048479,0.70331600,1.46702487,2.40000000
1118.50627176,-4.55650840,-39.28239246,0.70696213,1.46687993,2.40000000
1118.85624244,-4.52018010,-38.93430545,0.71065396,1.46673445,2.40000000
1119.20621311,-4.48380108,-38.58622381,0.71439157,1.46658842,2.40000000
1119.55618378,-4.44737114,-38.23814757,0.71817508,1.46644186,2.40000000
1119.90615446,-4.41089011,-37.89007675,0.72200434,1.46629476,2.40000000
1120.25612513,-4.37435778,-37.54201139,0.72587880,1.46614711,2.40000000
1120.60609580,-4.33777398,-37.19395151,0.72979787,1.46599893,2.40000000
1120.95606648,-4.30113852,-36.84589715,0.73376095,1.46585020,2.40000000
1121.30603715,-4.26445120,-36.49784834,0.73776744,1.46570094,2.40000000
1121.65600782,-4.22771185,-36.14980510,0.74181674,1.46555113,2.40000000
1122.00597850,-4.19092028,-35.80176748,0.74590827,1.46540078,2.40000000
1122.35594917,-4.15407630,-35.45373549,0.75004143,1.46524989,2.40000000
1122.70591984,-4.11717971,-35.10570917,0.75421562,1.46509846,2.40000000
1123.05589052,-4.08023035,-34.75768855,0.75843024,1.46494648,2.40000000
1123.40586119,-4.04322800,-34.40967366,0.76268471,1.46479397,2.40000000
1123.75583186,-4.00617250,-34.06166453,0.76697842,1.46464091,2.40000000
1124.10580254,-3.96906366,-33.71366119,0.77131078,1.46448732,2.40000000
1124.45577321,-3.93190127,-33.36566368,0.77568119,1.46433318,2.40000000
1124.80574388,-3.89468517,-33.01767201,0.78008906,1.46417850,2.40000000
1125.15571456,-3.85741516,-32.66968623,0.78453380,1.46402328,2.40000000
1125.50568523,-3.82009105,-32.32170636,0.78901480,1.46386752,2.40000000
1125.85565590,-3.78271266,-31.97373243,0.79353148,1.46371122,2.40000000
1126.20562658,-3.74527980,-31.62576448,0.79808324,1.46355438,2.40000000
1126.55559725,-3.70779229,-31.27780254,0.80266947,1.46339700,2.40000000
1126.90556792,-3.67024993,-30.92984662,0.80728959,1.46323907,2.40000000
1127.25553860,-3.63265253,-30.58189678,0.81194301,1.46308061,2.40000000
1127.60550927,-3.59499992,-30.23395303,0.81662912,1.46292160,2.40000000
1127.95547994,-3.55729191,-29.88601540,0.82134733,1.46276205,2.40000000
1128.30545062,-3.51952830,-29.53808394,0.82609704,1.46260196,2.40000000
1128.65542129,-3.48170891,-29.19015866,0.83087766,1.46244133,2.40000000
1129.00539196,-3.44383355,-28.84223960,0.83568860,1.46228016,2.40000000
1129.35536264,-3.40590204,-28.49432678,0.84052925,1.46211845,2.40000000
1129.70533331,-3.36791419,-28.14642025,0.84539903,1.46195619,2.40000000
1130.05530398,-3.32986981,-27.79852003,0.85029733,1.46179340,2.40000000
1130.40527465,-3.29176871,-27.45062614,0.85522357,1.46163006,2.40000000
1130.75524533,-3.25361071,-27.10273863,0.86017714,1.46146618,2.40000000
1131.10521600,-3.21539563,-26.75485751,0.86515746,1.46130176,2.40000000
1131.45518667,-3.17712326,-26.40698283,0.87016392,1.46113680,2.40000000
1131.80515735,-3.13879343,-26.05911461,0.87519593,1.46097130,2.40000000
1132.15512802,-3.10040594,-25.71125288,0.88025289,1.46080526,2.40000000
1132.50509869,-3.06196062,-25.36339768,0.88533419,1.46063867,2.40000000
1132.85506937,-3.02345728,-25.01554903,0.89043874,1.46047155,2.40000000
1133.20504004,-2.98489572,-24.66770696,0.89556503,1.46030388,2.40000000
1133.55501071,-2.94627575,-24.31987151,0.90071154,1.46013567,2.40000000
1133.90498139,-2.90759721,-23.97204270,0.90587673,1.45996693,2.40000000
1134.25495206,-2.86885988,-23.62422057,0.91105908,1.45979764,2.40000000
1134.60492273,-2.83006360,-23.27640514,0.91625706,1.45962780,2.40000000
1134.95489341,-2.79120817,-22.92859645,0.92146916,1.45945743,2.40000000
1135.30486408,-2.75229340,-22.58079453,0.92669383,1.45928652,2.40000000
1135.65483475,-2.71331911,-22.23299940,0.93192955,1.45911506,2.40000000
1136.00480543,-2.67428510,-21.88521110,0.93717480,1.45894307,2.40000000
1136.35477610,-2.63519120,-21.53742966,0.94242805,1.45877053,2.40000000
1136.70474677,-2.59603722,-21.18965511,0.94768777,1.45859745,2.40000000
1137.05471745,-2.55682296,-20.84188748,0.95295243,1.45842383,2.40000000
1137.40468812,-2.51754825,-20.49412679,0.95822052,1.45824967,2.40000000
1137.75465879,-2.47821288,-20.14637309,0.96349049,1.45807496,2.40000000
1138.10462947,-2.43881669,-19.79862640,0.96876083,1.45789972,2.40000000
1138.45460014,-2.39935947,-19.45088675,0.97403001,1.45772393,2.40000000
1138.80457081,-2.35984105,-19.10315417,0.97929650,1.45754761,2.40000000
1139.15454149,-2.32026123,-18.75542870,0.98455878,1.45737074,2.40000000
1139.50451216,-2.28059845,-18.40771285,0.98981531,1.45680126,2.40000000
1139.85448283,-2.24054653,-18.06004236,0.99506458,1.45541108,2.40000000
1140.20445351,-2.20002189,-17.71242700,1.00030505,1.45408150,2.40000000
1140.55442418,-2.15904562,-17.36486432,1.00553519,1.45281253,2.40000000
1140.90439485,-2.11763876,-17.01735190,1.01075349,1.45160416,2.40000000
1141.25436553,-2.07582240,-16.66988728,1.01595841,1.45045641,2.40000000
1141.60433620,-2.03361760,-16.32246804,1.02114842,1.44936926,2.40000000
1141.95430687,-1.99104543,-15.97509173,1.02632201,1.44834273,2.40000000
1142.30427755,-1.94812695,-15.62775591,1.03147764,1.44737681,2.40000000
1142.65424822,-1.90488324,-15.28045814,1.03661379,1.44647151,2.40000000
1143.00421889,-1.86133537,-14.93319598,1.04172893,1.44562681,2.40000000
1143.35418957,-1.81750440,-14.58596700,1.04682153,1.44484273,2.40000000
1143.70416024,-1.77341141,-14.23876876,1.05189006,1.44411925,2.40000000
1144.05413091,-1.72907745,-13.89159881,1.05693301,1.44345637,2.40000000
1144.40410159,-1.68452360,-13.54445471,1.06194884,1.44285410,2.40000000
1144.75407226,-1.63977094,-13.19733404,1.06693602,1.44231244,2.40000000
1145.10404293,-1.59484051,-12.85023434,1.07189304,1.44183137,2.40000000
1145.45401361,-1.54975341,-12.50315318,1.07681836,1.44141090,2.40000000
1145.80398428,-1.50453069,-12.15608812,1.08171050,1.44105102,2.40000000
1146.15395495,-1.45919341,-11.80903671,1.08656802,1.44075174,2.40000000
1146.50392563,-1.41376267,-11.46199653,1.09138945,1.44051305,2.40000000
1146.85389630,-1.36825951,-11.11496513,1.09617334,1.44033495,2.40000000
1147.20386697,-1.32270500,-10.76794007,1.10091822,1.44021745,2.40000000
1147.55383765,-1.27712023,-10.42091892,1.10562265,1.44016053,2.40000000
1147.90380832,-1.23152625,-10.07389922,1.11028515,1.44016421,2.40000000
1148.25377899,-1.18594413,-9.72687855,1.11490427,1.44022848,2.40000000
1148.60374966,-1.14039495,-9.37985447,1.11947856,1.44035333,2.40000000
1148.95372034,-1.09489977,-9.03282453,1.12400656,1.44053878,2.40000000
1149.30369101,-1.04947965,-8.68578630,1.12848681,1.44078483,2.40000000
1149.65366168,-1.00415568,-8.33873733,1.13291785,1.44109146,2.40000000
1150.00363236,-0.95894891,-7.99167519,1.13729822,1.44145870,2.40000000
1150.35360303,-0.91388041,-7.64459744,1.14162647,1.44188653,2.40000000
1150.70357370,-0.86897126,-7.29750164,1.14590114,1.44237497,2.40000000
1151.05354438,-0.82424253,-6.95038535,1.15012077,1.44292400,2.40000000
1151.40351505,-0.77971527,-6.60324613,1.15428390,1.44353365,2.40000000
1151.75348572,-0.73541056,-6.25608153,1.15838907,1.44420390,2.40000000
1152.10345640,-0.69134948,-5.90888914,1.16243483,1.44493476,2.40000000
1152.45342707,-0.64755307,-5.56166649,1.16641972,1.44572623,2.40000000
1152.80339774,-0.60404243,-5.21441115,1.17034228,1.44657832,2.40000000
1153.15336842,-0.56083861,-4.86712069,1.17420106,1.44749103,2.40000000
1153.50333909,-0.51796268,-4.51979267,1.17799459,1.44846435,2.40000000
1153.85330976,-0.47543571,-4.17242464,1.18172141,1.44949830,2.40000000
1154.20328044,-0.43327877,-3.82501417,1.18538008,1.45059286,2.40000000
1154.55325111,-0.39151293,-3.47755881,1.18896912,1.45174804,2.40000000
1154.90322178,-0.35015925,-3.13005613,1.19248709,1.45296385,2.40000000
1155.25319246,-0.30923881,-2.78250368,1.19593253,1.45424027,2.40000000
1155.60316313,-0.26877268,-2.43489904,1.19930397,1.45557730,2.40000000
1155.95313380,-0.22878191,-2.08723976,1.20259997,1.45697494,2.40000000
1156.30310448,-0.18928759,-1.73952339,1.20581906,1.45843318,2.40000000
1156.65307515,-0.15031078,-1.39174751,1.20895978,1.45995202,2.40000000
1157.00304582,-0.11187255,-1.04390967,1.21202067,1.46153145,2.40000000
1157.35301650,-0.07399396,-0.69600743,1.21500029,1.46317146,2.40000000
1157.70298717,-0.03669609,-0.34803835,1.21789716,1.46487203,2.40000000
